solid OpenSCAD_Model
  facet normal 1 0 0
    outer loop
      vertex 20 9 41
      vertex 20 2.5 39.01
      vertex 20 9 39
    endloop
  endfacet
  facet normal 1 -0 0
    outer loop
      vertex 20 0 41
      vertex 20 2.5 39.01
      vertex 20 9 41
    endloop
  endfacet
  facet normal 1 0 0
    outer loop
      vertex 20 2.5 39.01
      vertex 20 0 41
      vertex 20 0 39.01
    endloop
  endfacet
  facet normal 1 0 0
    outer loop
      vertex 20 9 39
      vertex 20 2.5 39.01
      vertex 20 2.5 12
    endloop
  endfacet
  facet normal -0 0 1
    outer loop
      vertex 11.1712 20.1601 41
      vertex 15 9 41
      vertex 15 26 41
    endloop
  endfacet
  facet normal 0 0 1
    outer loop
      vertex 15 9 41
      vertex 14.7944 3.94046 41
      vertex 14.9256 3.72638 41
    endloop
  endfacet
  facet normal 0 0 1
    outer loop
      vertex 15 9 41
      vertex 14.6314 4.13137 41
      vertex 14.7944 3.94046 41
    endloop
  endfacet
  facet normal -0 0 1
    outer loop
      vertex 11.1051 20.0006 41
      vertex 15 9 41
      vertex 11.1712 20.1601 41
    endloop
  endfacet
  facet normal -0 0 1
    outer loop
      vertex 11.0149 19.8534 41
      vertex 15 9 41
      vertex 11.1051 20.0006 41
    endloop
  endfacet
  facet normal 0 0 1
    outer loop
      vertex 15 9 41
      vertex 14.4405 4.29443 41
      vertex 14.6314 4.13137 41
    endloop
  endfacet
  facet normal -0 0 1
    outer loop
      vertex 10.9028 19.7222 41
      vertex 15 9 41
      vertex 11.0149 19.8534 41
    endloop
  endfacet
  facet normal 0 0 1
    outer loop
      vertex 15 9 41
      vertex 14.2264 4.42561 41
      vertex 14.4405 4.29443 41
    endloop
  endfacet
  facet normal -0 0 1
    outer loop
      vertex 10.7716 19.6101 41
      vertex 15 9 41
      vertex 10.9028 19.7222 41
    endloop
  endfacet
  facet normal 0 0 1
    outer loop
      vertex 15 9 41
      vertex 13.9944 4.52169 41
      vertex 14.2264 4.42561 41
    endloop
  endfacet
  facet normal -0 0 1
    outer loop
      vertex 10.6244 19.5199 41
      vertex 15 9 41
      vertex 10.7716 19.6101 41
    endloop
  endfacet
  facet normal 0 0 1
    outer loop
      vertex 15 9 41
      vertex 13.7503 4.5803 41
      vertex 13.9944 4.52169 41
    endloop
  endfacet
  facet normal -0 0 1
    outer loop
      vertex 10.4649 19.4538 41
      vertex 15 9 41
      vertex 10.6244 19.5199 41
    endloop
  endfacet
  facet normal 0 0 1
    outer loop
      vertex 15 9 41
      vertex 13.5 4.6 41
      vertex 13.7503 4.5803 41
    endloop
  endfacet
  facet normal -0 0 1
    outer loop
      vertex 10.2971 19.4135 41
      vertex 15 9 41
      vertex 10.4649 19.4538 41
    endloop
  endfacet
  facet normal 0 0 1
    outer loop
      vertex 15 9 41
      vertex 13.2497 4.5803 41
      vertex 13.5 4.6 41
    endloop
  endfacet
  facet normal -0 0 1
    outer loop
      vertex 10.125 19.4 41
      vertex 15 9 41
      vertex 10.2971 19.4135 41
    endloop
  endfacet
  facet normal 0 0 1
    outer loop
      vertex 11.2115 20.3279 41
      vertex 15 26 41
      vertex 11.225 20.5 41
    endloop
  endfacet
  facet normal 0 0 1
    outer loop
      vertex 11.225 20.5 41
      vertex 15 26 41
      vertex 11.225 23.5 41
    endloop
  endfacet
  facet normal 0 0 1
    outer loop
      vertex 15 26 41
      vertex 11.2115 23.6721 41
      vertex 11.225 23.5 41
    endloop
  endfacet
  facet normal 0 0 1
    outer loop
      vertex 15 26 41
      vertex 11.1712 23.8399 41
      vertex 11.2115 23.6721 41
    endloop
  endfacet
  facet normal 0 0 1
    outer loop
      vertex 15 26 41
      vertex 11.1051 23.9994 41
      vertex 11.1712 23.8399 41
    endloop
  endfacet
  facet normal 0 0 1
    outer loop
      vertex 15 26 41
      vertex 11.0149 24.1466 41
      vertex 11.1051 23.9994 41
    endloop
  endfacet
  facet normal 0 0 1
    outer loop
      vertex 15 26 41
      vertex 10.9028 24.2778 41
      vertex 11.0149 24.1466 41
    endloop
  endfacet
  facet normal 0 0 1
    outer loop
      vertex 15 26 41
      vertex 10.7716 24.3899 41
      vertex 10.9028 24.2778 41
    endloop
  endfacet
  facet normal 0 0 1
    outer loop
      vertex 15 26 41
      vertex 10.6244 24.4801 41
      vertex 10.7716 24.3899 41
    endloop
  endfacet
  facet normal 0 0 1
    outer loop
      vertex 15 26 41
      vertex 10.4649 24.5462 41
      vertex 10.6244 24.4801 41
    endloop
  endfacet
  facet normal 0 0 1
    outer loop
      vertex 15 26 41
      vertex 10.2971 24.5865 41
      vertex 10.4649 24.5462 41
    endloop
  endfacet
  facet normal 0 0 1
    outer loop
      vertex 15 26 41
      vertex 10.125 24.6 41
      vertex 10.2971 24.5865 41
    endloop
  endfacet
  facet normal 0 0 1
    outer loop
      vertex 15 26 41
      vertex 9.95292 24.5865 41
      vertex 10.125 24.6 41
    endloop
  endfacet
  facet normal 0 0 1
    outer loop
      vertex -9.95292 24.5865 41
      vertex 9.95292 24.5865 41
      vertex 15 26 41
    endloop
  endfacet
  facet normal 0 0 1
    outer loop
      vertex 9.025 23.5 41
      vertex -9.025 23.5 41
      vertex 9.025 20.5 41
    endloop
  endfacet
  facet normal 0 0 1
    outer loop
      vertex 9.03854 23.6721 41
      vertex -9.025 23.5 41
      vertex 9.025 23.5 41
    endloop
  endfacet
  facet normal 0 0 1
    outer loop
      vertex -9.03854 23.6721 41
      vertex 9.03854 23.6721 41
      vertex 9.07884 23.8399 41
    endloop
  endfacet
  facet normal 0 0 1
    outer loop
      vertex -9.07884 23.8399 41
      vertex 9.07884 23.8399 41
      vertex 9.14489 23.9994 41
    endloop
  endfacet
  facet normal 0 0 1
    outer loop
      vertex -9.14489 23.9994 41
      vertex 9.14489 23.9994 41
      vertex 9.23508 24.1466 41
    endloop
  endfacet
  facet normal 0 0 1
    outer loop
      vertex -9.23508 24.1466 41
      vertex 9.23508 24.1466 41
      vertex 9.34718 24.2778 41
    endloop
  endfacet
  facet normal 0 0 1
    outer loop
      vertex -9.34718 24.2778 41
      vertex 9.34718 24.2778 41
      vertex 9.47844 24.3899 41
    endloop
  endfacet
  facet normal 0 0 1
    outer loop
      vertex -9.47844 24.3899 41
      vertex 9.47844 24.3899 41
      vertex 9.62561 24.4801 41
    endloop
  endfacet
  facet normal 0 0 1
    outer loop
      vertex -9.62561 24.4801 41
      vertex 9.62561 24.4801 41
      vertex 9.78508 24.5462 41
    endloop
  endfacet
  facet normal 0 0 1
    outer loop
      vertex 9.95292 24.5865 41
      vertex -9.95292 24.5865 41
      vertex 9.78508 24.5462 41
    endloop
  endfacet
  facet normal 0 0 1
    outer loop
      vertex 9.03854 23.6721 41
      vertex -9.03854 23.6721 41
      vertex -9.025 23.5 41
    endloop
  endfacet
  facet normal 0 0 1
    outer loop
      vertex 9.07884 23.8399 41
      vertex -9.07884 23.8399 41
      vertex -9.03854 23.6721 41
    endloop
  endfacet
  facet normal 0 0 1
    outer loop
      vertex 9.14489 23.9994 41
      vertex -9.14489 23.9994 41
      vertex -9.07884 23.8399 41
    endloop
  endfacet
  facet normal 0 0 1
    outer loop
      vertex 9.23508 24.1466 41
      vertex -9.23508 24.1466 41
      vertex -9.14489 23.9994 41
    endloop
  endfacet
  facet normal 0 0 1
    outer loop
      vertex 9.34718 24.2778 41
      vertex -9.34718 24.2778 41
      vertex -9.23508 24.1466 41
    endloop
  endfacet
  facet normal 0 0 1
    outer loop
      vertex 9.47844 24.3899 41
      vertex -9.47844 24.3899 41
      vertex -9.34718 24.2778 41
    endloop
  endfacet
  facet normal 0 0 1
    outer loop
      vertex 9.62561 24.4801 41
      vertex -9.62561 24.4801 41
      vertex -9.47844 24.3899 41
    endloop
  endfacet
  facet normal 0 0 1
    outer loop
      vertex 9.78508 24.5462 41
      vertex -9.78508 24.5462 41
      vertex -9.62561 24.4801 41
    endloop
  endfacet
  facet normal 0 0 1
    outer loop
      vertex 9.78508 24.5462 41
      vertex -9.95292 24.5865 41
      vertex -9.78508 24.5462 41
    endloop
  endfacet
  facet normal -0 0 1
    outer loop
      vertex -15 26 41
      vertex -9.95292 24.5865 41
      vertex 15 26 41
    endloop
  endfacet
  facet normal 0 0 1
    outer loop
      vertex -15 26 41
      vertex -11.225 20.5 41
      vertex -11.225 23.5 41
    endloop
  endfacet
  facet normal 0 0 1
    outer loop
      vertex -11.225 20.5 41
      vertex -11.9197 3.25029 41
      vertex -11.9 3 41
    endloop
  endfacet
  facet normal 0 0 1
    outer loop
      vertex -11.225 20.5 41
      vertex -11.9783 3.49443 41
      vertex -11.9197 3.25029 41
    endloop
  endfacet
  facet normal 0 0 1
    outer loop
      vertex -11.225 20.5 41
      vertex -12.0744 3.72638 41
      vertex -11.9783 3.49443 41
    endloop
  endfacet
  facet normal 0 0 1
    outer loop
      vertex -11.225 20.5 41
      vertex -12.2056 3.94046 41
      vertex -12.0744 3.72638 41
    endloop
  endfacet
  facet normal 0 0 1
    outer loop
      vertex -11.225 20.5 41
      vertex -12.3686 4.13137 41
      vertex -12.2056 3.94046 41
    endloop
  endfacet
  facet normal 0 0 1
    outer loop
      vertex -11.225 20.5 41
      vertex -15 9 41
      vertex -12.3686 4.13137 41
    endloop
  endfacet
  facet normal 0 0 1
    outer loop
      vertex -12.3686 4.13137 41
      vertex -15 9 41
      vertex -12.5595 4.29443 41
    endloop
  endfacet
  facet normal 0 0 1
    outer loop
      vertex -15 26 41
      vertex -11.225 23.5 41
      vertex -11.2115 23.6721 41
    endloop
  endfacet
  facet normal 0 0 1
    outer loop
      vertex -12.5595 4.29443 41
      vertex -15 9 41
      vertex -12.7736 4.42561 41
    endloop
  endfacet
  facet normal 0 0 1
    outer loop
      vertex -12.7736 4.42561 41
      vertex -15 9 41
      vertex -13.0056 4.52169 41
    endloop
  endfacet
  facet normal 0 0 1
    outer loop
      vertex -13.0056 4.52169 41
      vertex -15 9 41
      vertex -13.2497 4.5803 41
    endloop
  endfacet
  facet normal 0 0 1
    outer loop
      vertex -13.2497 4.5803 41
      vertex -15 9 41
      vertex -13.5 4.6 41
    endloop
  endfacet
  facet normal 0 0 1
    outer loop
      vertex -13.5 4.6 41
      vertex -15 9 41
      vertex -13.7503 4.5803 41
    endloop
  endfacet
  facet normal 0 0 1
    outer loop
      vertex -13.7503 4.5803 41
      vertex -15 9 41
      vertex -13.9944 4.52169 41
    endloop
  endfacet
  facet normal 0 0 1
    outer loop
      vertex -13.9944 4.52169 41
      vertex -15 9 41
      vertex -14.2264 4.42561 41
    endloop
  endfacet
  facet normal 0 0 1
    outer loop
      vertex -14.2264 4.42561 41
      vertex -15 9 41
      vertex -14.4405 4.29443 41
    endloop
  endfacet
  facet normal 0 0 1
    outer loop
      vertex -14.4405 4.29443 41
      vertex -15 9 41
      vertex -14.6314 4.13137 41
    endloop
  endfacet
  facet normal 0 0 1
    outer loop
      vertex -14.6314 4.13137 41
      vertex -15 9 41
      vertex -14.7944 3.94046 41
    endloop
  endfacet
  facet normal 0 0 1
    outer loop
      vertex -9.95292 24.5865 41
      vertex -15 26 41
      vertex -10.125 24.6 41
    endloop
  endfacet
  facet normal 0 0 1
    outer loop
      vertex -15 26 41
      vertex -10.2971 24.5865 41
      vertex -10.125 24.6 41
    endloop
  endfacet
  facet normal 0 0 1
    outer loop
      vertex -15 26 41
      vertex -10.4649 24.5462 41
      vertex -10.2971 24.5865 41
    endloop
  endfacet
  facet normal 0 0 1
    outer loop
      vertex -15 26 41
      vertex -10.6244 24.4801 41
      vertex -10.4649 24.5462 41
    endloop
  endfacet
  facet normal 0 0 1
    outer loop
      vertex -15 26 41
      vertex -10.7716 24.3899 41
      vertex -10.6244 24.4801 41
    endloop
  endfacet
  facet normal 0 0 1
    outer loop
      vertex -15 26 41
      vertex -10.9028 24.2778 41
      vertex -10.7716 24.3899 41
    endloop
  endfacet
  facet normal 0 0 1
    outer loop
      vertex -15 26 41
      vertex -11.0149 24.1466 41
      vertex -10.9028 24.2778 41
    endloop
  endfacet
  facet normal 0 0 1
    outer loop
      vertex -15 26 41
      vertex -11.1051 23.9994 41
      vertex -11.0149 24.1466 41
    endloop
  endfacet
  facet normal 0 0 1
    outer loop
      vertex -15 26 41
      vertex -11.1712 23.8399 41
      vertex -11.1051 23.9994 41
    endloop
  endfacet
  facet normal 0 0 1
    outer loop
      vertex -15 26 41
      vertex -11.2115 23.6721 41
      vertex -11.1712 23.8399 41
    endloop
  endfacet
  facet normal 0 0 1
    outer loop
      vertex -11.225 20.5 41
      vertex -15 26 41
      vertex -15 9 41
    endloop
  endfacet
  facet normal -0 0 1
    outer loop
      vertex -20 9 41
      vertex -14.7944 3.94046 41
      vertex -15 9 41
    endloop
  endfacet
  facet normal 0 0 1
    outer loop
      vertex -14.7944 3.94046 41
      vertex -20 9 41
      vertex -14.9256 3.72638 41
    endloop
  endfacet
  facet normal 0 0 1
    outer loop
      vertex -14.9256 3.72638 41
      vertex -20 9 41
      vertex -15.0217 3.49443 41
    endloop
  endfacet
  facet normal 0 0 1
    outer loop
      vertex -20 0 41
      vertex -15.0217 3.49443 41
      vertex -20 9 41
    endloop
  endfacet
  facet normal 0 0 1
    outer loop
      vertex -15.0217 3.49443 41
      vertex -20 0 41
      vertex -15.0803 3.25029 41
    endloop
  endfacet
  facet normal -0 0 1
    outer loop
      vertex 15.0217 3.49443 41
      vertex 20 0 41
      vertex 20 9 41
    endloop
  endfacet
  facet normal 0 0 1
    outer loop
      vertex 20 0 41
      vertex 15.0803 3.25029 41
      vertex 15.1 3 41
    endloop
  endfacet
  facet normal 0 0 1
    outer loop
      vertex 20 0 41
      vertex 15.0217 3.49443 41
      vertex 15.0803 3.25029 41
    endloop
  endfacet
  facet normal 0 0 1
    outer loop
      vertex 14.9256 3.72638 41
      vertex 20 9 41
      vertex 15 9 41
    endloop
  endfacet
  facet normal 0 0 1
    outer loop
      vertex 20 9 41
      vertex 14.9256 3.72638 41
      vertex 15.0217 3.49443 41
    endloop
  endfacet
  facet normal -0 0 1
    outer loop
      vertex 15.0803 2.7497 41
      vertex 20 0 41
      vertex 15.1 3 41
    endloop
  endfacet
  facet normal -0 0 1
    outer loop
      vertex 15.0217 2.50557 41
      vertex 20 0 41
      vertex 15.0803 2.7497 41
    endloop
  endfacet
  facet normal -0 0 1
    outer loop
      vertex 14.9256 2.27361 41
      vertex 20 0 41
      vertex 15.0217 2.50557 41
    endloop
  endfacet
  facet normal -0 0 1
    outer loop
      vertex 14.7944 2.05954 41
      vertex 20 0 41
      vertex 14.9256 2.27361 41
    endloop
  endfacet
  facet normal -0 0 1
    outer loop
      vertex 14.6314 1.86863 41
      vertex 20 0 41
      vertex 14.7944 2.05954 41
    endloop
  endfacet
  facet normal -0 0 1
    outer loop
      vertex 14.4405 1.70557 41
      vertex 20 0 41
      vertex 14.6314 1.86863 41
    endloop
  endfacet
  facet normal -0 0 1
    outer loop
      vertex 14.2264 1.57439 41
      vertex 20 0 41
      vertex 14.4405 1.70557 41
    endloop
  endfacet
  facet normal -0 0 1
    outer loop
      vertex 13.9944 1.47831 41
      vertex 20 0 41
      vertex 14.2264 1.57439 41
    endloop
  endfacet
  facet normal -0 0 1
    outer loop
      vertex 13.7503 1.4197 41
      vertex 20 0 41
      vertex 13.9944 1.47831 41
    endloop
  endfacet
  facet normal -0 0 1
    outer loop
      vertex 13.5 1.4 41
      vertex 20 0 41
      vertex 13.7503 1.4197 41
    endloop
  endfacet
  facet normal 0 0 1
    outer loop
      vertex 13.2497 1.4197 41
      vertex 20 0 41
      vertex 13.5 1.4 41
    endloop
  endfacet
  facet normal 0 0 1
    outer loop
      vertex 11.1712 20.1601 41
      vertex 15 26 41
      vertex 11.2115 20.3279 41
    endloop
  endfacet
  facet normal 0 0 1
    outer loop
      vertex 15 9 41
      vertex 13.0056 4.52169 41
      vertex 13.2497 4.5803 41
    endloop
  endfacet
  facet normal 0 0 1
    outer loop
      vertex 9.95292 19.4135 41
      vertex 15 9 41
      vertex 10.125 19.4 41
    endloop
  endfacet
  facet normal 0 0 1
    outer loop
      vertex 15 9 41
      vertex 12.7736 4.42561 41
      vertex 13.0056 4.52169 41
    endloop
  endfacet
  facet normal 0 0 1
    outer loop
      vertex 9.78508 19.4538 41
      vertex 15 9 41
      vertex 9.95292 19.4135 41
    endloop
  endfacet
  facet normal 0 0 1
    outer loop
      vertex 15 9 41
      vertex 12.5595 4.29443 41
      vertex 12.7736 4.42561 41
    endloop
  endfacet
  facet normal 0 0 1
    outer loop
      vertex 9.62561 19.5199 41
      vertex 15 9 41
      vertex 9.78508 19.4538 41
    endloop
  endfacet
  facet normal 0 0 1
    outer loop
      vertex 15 9 41
      vertex 12.3686 4.13137 41
      vertex 12.5595 4.29443 41
    endloop
  endfacet
  facet normal 0 0 1
    outer loop
      vertex 15 9 41
      vertex 9.62561 19.5199 41
      vertex 12.3686 4.13137 41
    endloop
  endfacet
  facet normal 0 0 1
    outer loop
      vertex 12.3686 4.13137 41
      vertex 9.62561 19.5199 41
      vertex 12.2056 3.94046 41
    endloop
  endfacet
  facet normal 0 0 1
    outer loop
      vertex 9.47844 19.6101 41
      vertex 12.2056 3.94046 41
      vertex 9.62561 19.5199 41
    endloop
  endfacet
  facet normal 0 0 1
    outer loop
      vertex 12.2056 3.94046 41
      vertex 9.47844 19.6101 41
      vertex 12.0744 3.72638 41
    endloop
  endfacet
  facet normal 0 0 1
    outer loop
      vertex 9.34718 19.7222 41
      vertex 12.0744 3.72638 41
      vertex 9.47844 19.6101 41
    endloop
  endfacet
  facet normal -0 0 1
    outer loop
      vertex -9.34718 19.7222 41
      vertex 12.0744 3.72638 41
      vertex 9.34718 19.7222 41
    endloop
  endfacet
  facet normal 0 0 1
    outer loop
      vertex -11.9 3 41
      vertex 12.0744 3.72638 41
      vertex -9.34718 19.7222 41
    endloop
  endfacet
  facet normal 0 0 1
    outer loop
      vertex 12.0744 3.72638 41
      vertex -11.9 3 41
      vertex 11.9783 3.49443 41
    endloop
  endfacet
  facet normal 0 0 1
    outer loop
      vertex 11.9783 3.49443 41
      vertex -11.9 3 41
      vertex 11.9197 3.25029 41
    endloop
  endfacet
  facet normal 0 0 1
    outer loop
      vertex -9.34718 19.7222 41
      vertex 9.34718 19.7222 41
      vertex 9.23508 19.8534 41
    endloop
  endfacet
  facet normal 0 0 1
    outer loop
      vertex -9.23508 19.8534 41
      vertex 9.23508 19.8534 41
      vertex 9.14489 20.0006 41
    endloop
  endfacet
  facet normal 0 0 1
    outer loop
      vertex -9.14489 20.0006 41
      vertex 9.14489 20.0006 41
      vertex 9.07884 20.1601 41
    endloop
  endfacet
  facet normal 0 0 1
    outer loop
      vertex -9.07884 20.1601 41
      vertex 9.07884 20.1601 41
      vertex 9.03854 20.3279 41
    endloop
  endfacet
  facet normal 0 0 1
    outer loop
      vertex -9.025 20.5 41
      vertex 9.025 20.5 41
      vertex -9.025 23.5 41
    endloop
  endfacet
  facet normal 0 0 1
    outer loop
      vertex 9.025 20.5 41
      vertex -9.025 20.5 41
      vertex 9.03854 20.3279 41
    endloop
  endfacet
  facet normal 0 0 1
    outer loop
      vertex -9.03854 20.3279 41
      vertex 9.03854 20.3279 41
      vertex -9.025 20.5 41
    endloop
  endfacet
  facet normal 0 0 1
    outer loop
      vertex -9.07884 20.1601 41
      vertex 9.03854 20.3279 41
      vertex -9.03854 20.3279 41
    endloop
  endfacet
  facet normal 0 0 1
    outer loop
      vertex 9.07884 20.1601 41
      vertex -9.07884 20.1601 41
      vertex -9.14489 20.0006 41
    endloop
  endfacet
  facet normal 0 0 1
    outer loop
      vertex 9.14489 20.0006 41
      vertex -9.14489 20.0006 41
      vertex -9.23508 19.8534 41
    endloop
  endfacet
  facet normal 0 0 1
    outer loop
      vertex 9.23508 19.8534 41
      vertex -9.23508 19.8534 41
      vertex -9.34718 19.7222 41
    endloop
  endfacet
  facet normal 0 0 1
    outer loop
      vertex 11.9197 3.25029 41
      vertex -11.9 3 41
      vertex 11.9 3 41
    endloop
  endfacet
  facet normal 0 0 1
    outer loop
      vertex 11.9 3 41
      vertex -11.9 3 41
      vertex 11.9197 2.7497 41
    endloop
  endfacet
  facet normal 0 0 1
    outer loop
      vertex -11.9197 2.7497 41
      vertex 11.9197 2.7497 41
      vertex -11.9 3 41
    endloop
  endfacet
  facet normal 0 0 1
    outer loop
      vertex 11.9197 2.7497 41
      vertex -11.9197 2.7497 41
      vertex 11.9783 2.50557 41
    endloop
  endfacet
  facet normal 0 0 1
    outer loop
      vertex -11.9783 2.50557 41
      vertex 11.9783 2.50557 41
      vertex -11.9197 2.7497 41
    endloop
  endfacet
  facet normal 0 0 1
    outer loop
      vertex 11.9783 2.50557 41
      vertex -11.9783 2.50557 41
      vertex 12.0744 2.27361 41
    endloop
  endfacet
  facet normal 0 0 1
    outer loop
      vertex -11.9 3 41
      vertex -9.34718 19.7222 41
      vertex -9.47844 19.6101 41
    endloop
  endfacet
  facet normal 0 0 1
    outer loop
      vertex -11.9 3 41
      vertex -9.47844 19.6101 41
      vertex -9.62561 19.5199 41
    endloop
  endfacet
  facet normal 0 0 1
    outer loop
      vertex -11.9 3 41
      vertex -9.62561 19.5199 41
      vertex -9.78508 19.4538 41
    endloop
  endfacet
  facet normal 0 0 1
    outer loop
      vertex -11.9 3 41
      vertex -9.78508 19.4538 41
      vertex -9.95292 19.4135 41
    endloop
  endfacet
  facet normal 0 0 1
    outer loop
      vertex -11.9 3 41
      vertex -9.95292 19.4135 41
      vertex -10.125 19.4 41
    endloop
  endfacet
  facet normal 0 0 1
    outer loop
      vertex -11.9 3 41
      vertex -10.125 19.4 41
      vertex -10.2971 19.4135 41
    endloop
  endfacet
  facet normal 0 0 1
    outer loop
      vertex -11.9 3 41
      vertex -10.2971 19.4135 41
      vertex -10.4649 19.4538 41
    endloop
  endfacet
  facet normal 0 0 1
    outer loop
      vertex -11.9 3 41
      vertex -10.4649 19.4538 41
      vertex -10.6244 19.5199 41
    endloop
  endfacet
  facet normal 0 0 1
    outer loop
      vertex -11.9 3 41
      vertex -10.6244 19.5199 41
      vertex -10.7716 19.6101 41
    endloop
  endfacet
  facet normal 0 0 1
    outer loop
      vertex -11.9 3 41
      vertex -11.2115 20.3279 41
      vertex -11.225 20.5 41
    endloop
  endfacet
  facet normal 0 0 1
    outer loop
      vertex -11.9 3 41
      vertex -11.1712 20.1601 41
      vertex -11.2115 20.3279 41
    endloop
  endfacet
  facet normal 0 0 1
    outer loop
      vertex -11.9 3 41
      vertex -11.1051 20.0006 41
      vertex -11.1712 20.1601 41
    endloop
  endfacet
  facet normal 0 0 1
    outer loop
      vertex -11.9 3 41
      vertex -11.0149 19.8534 41
      vertex -11.1051 20.0006 41
    endloop
  endfacet
  facet normal 0 0 1
    outer loop
      vertex -11.9 3 41
      vertex -10.9028 19.7222 41
      vertex -11.0149 19.8534 41
    endloop
  endfacet
  facet normal 0 0 1
    outer loop
      vertex -11.9 3 41
      vertex -10.7716 19.6101 41
      vertex -10.9028 19.7222 41
    endloop
  endfacet
  facet normal 0 0 1
    outer loop
      vertex -12.0744 2.27361 41
      vertex 12.0744 2.27361 41
      vertex -11.9783 2.50557 41
    endloop
  endfacet
  facet normal 0 0 1
    outer loop
      vertex 12.0744 2.27361 41
      vertex -12.0744 2.27361 41
      vertex 12.2056 2.05954 41
    endloop
  endfacet
  facet normal 0 0 1
    outer loop
      vertex -12.2056 2.05954 41
      vertex 12.2056 2.05954 41
      vertex -12.0744 2.27361 41
    endloop
  endfacet
  facet normal 0 0 1
    outer loop
      vertex 12.2056 2.05954 41
      vertex -12.2056 2.05954 41
      vertex 12.3686 1.86863 41
    endloop
  endfacet
  facet normal 0 0 1
    outer loop
      vertex -12.3686 1.86863 41
      vertex 12.3686 1.86863 41
      vertex -12.2056 2.05954 41
    endloop
  endfacet
  facet normal 0 0 1
    outer loop
      vertex 12.3686 1.86863 41
      vertex -12.3686 1.86863 41
      vertex 12.5595 1.70557 41
    endloop
  endfacet
  facet normal 0 0 1
    outer loop
      vertex -12.5595 1.70557 41
      vertex 12.5595 1.70557 41
      vertex -12.3686 1.86863 41
    endloop
  endfacet
  facet normal 0 0 1
    outer loop
      vertex 12.5595 1.70557 41
      vertex -12.5595 1.70557 41
      vertex 12.7736 1.57439 41
    endloop
  endfacet
  facet normal 0 0 1
    outer loop
      vertex -12.7736 1.57439 41
      vertex 12.7736 1.57439 41
      vertex -12.5595 1.70557 41
    endloop
  endfacet
  facet normal 0 0 1
    outer loop
      vertex 12.7736 1.57439 41
      vertex -12.7736 1.57439 41
      vertex 13.0056 1.47831 41
    endloop
  endfacet
  facet normal 0 0 1
    outer loop
      vertex -13.0056 1.47831 41
      vertex 13.0056 1.47831 41
      vertex -12.7736 1.57439 41
    endloop
  endfacet
  facet normal 0 0 1
    outer loop
      vertex 13.0056 1.47831 41
      vertex -13.0056 1.47831 41
      vertex 13.2497 1.4197 41
    endloop
  endfacet
  facet normal 0 0 1
    outer loop
      vertex -13.2497 1.4197 41
      vertex 13.2497 1.4197 41
      vertex -13.0056 1.47831 41
    endloop
  endfacet
  facet normal 0 0 1
    outer loop
      vertex 13.2497 1.4197 41
      vertex -13.2497 1.4197 41
      vertex 20 0 41
    endloop
  endfacet
  facet normal 0 0 1
    outer loop
      vertex -20 0 41
      vertex -13.2497 1.4197 41
      vertex -13.5 1.4 41
    endloop
  endfacet
  facet normal 0 0 1
    outer loop
      vertex -15.0803 3.25029 41
      vertex -20 0 41
      vertex -15.1 3 41
    endloop
  endfacet
  facet normal 0 0 1
    outer loop
      vertex -15.1 3 41
      vertex -20 0 41
      vertex -15.0803 2.7497 41
    endloop
  endfacet
  facet normal 0 0 1
    outer loop
      vertex -15.0803 2.7497 41
      vertex -20 0 41
      vertex -15.0217 2.50557 41
    endloop
  endfacet
  facet normal 0 0 1
    outer loop
      vertex -15.0217 2.50557 41
      vertex -20 0 41
      vertex -14.9256 2.27361 41
    endloop
  endfacet
  facet normal 0 0 1
    outer loop
      vertex -13.2497 1.4197 41
      vertex -20 0 41
      vertex 20 0 41
    endloop
  endfacet
  facet normal 0 0 1
    outer loop
      vertex -13.7503 1.4197 41
      vertex -20 0 41
      vertex -13.5 1.4 41
    endloop
  endfacet
  facet normal 0 0 1
    outer loop
      vertex -13.9944 1.47831 41
      vertex -20 0 41
      vertex -13.7503 1.4197 41
    endloop
  endfacet
  facet normal 0 0 1
    outer loop
      vertex -14.2264 1.57439 41
      vertex -20 0 41
      vertex -13.9944 1.47831 41
    endloop
  endfacet
  facet normal 0 0 1
    outer loop
      vertex -14.4405 1.70557 41
      vertex -20 0 41
      vertex -14.2264 1.57439 41
    endloop
  endfacet
  facet normal 0 0 1
    outer loop
      vertex -14.6314 1.86863 41
      vertex -20 0 41
      vertex -14.4405 1.70557 41
    endloop
  endfacet
  facet normal 0 0 1
    outer loop
      vertex -14.7944 2.05954 41
      vertex -20 0 41
      vertex -14.6314 1.86863 41
    endloop
  endfacet
  facet normal 0 0 1
    outer loop
      vertex -14.9256 2.27361 41
      vertex -20 0 41
      vertex -14.7944 2.05954 41
    endloop
  endfacet
  facet normal 0 0 -1
    outer loop
      vertex -16 2.5 39
      vertex -17 2.5 39
      vertex -16 5.5 39
    endloop
  endfacet
  facet normal 0 0 -1
    outer loop
      vertex -11 5.5 39
      vertex 11 5.5 39
      vertex 11 2.5 39
    endloop
  endfacet
  facet normal 0 0 -1
    outer loop
      vertex 11 5.5 39
      vertex 10.7716 19.6101 39
      vertex 10.9028 19.7222 39
    endloop
  endfacet
  facet normal 0 0 -1
    outer loop
      vertex 11 5.5 39
      vertex 10.6244 19.5199 39
      vertex 10.7716 19.6101 39
    endloop
  endfacet
  facet normal 0 0 -1
    outer loop
      vertex 11 5.5 39
      vertex 10.4649 19.4538 39
      vertex 10.6244 19.5199 39
    endloop
  endfacet
  facet normal 0 0 -1
    outer loop
      vertex 11 5.5 39
      vertex 10.2971 19.4135 39
      vertex 10.4649 19.4538 39
    endloop
  endfacet
  facet normal 0 0 -1
    outer loop
      vertex 11 5.5 39
      vertex 10.125 19.4 39
      vertex 10.2971 19.4135 39
    endloop
  endfacet
  facet normal 0 0 -1
    outer loop
      vertex 11 5.5 39
      vertex 9.95292 19.4135 39
      vertex 10.125 19.4 39
    endloop
  endfacet
  facet normal 0 0 -1
    outer loop
      vertex 11 5.5 39
      vertex 9.78508 19.4538 39
      vertex 9.95292 19.4135 39
    endloop
  endfacet
  facet normal 0 0 -1
    outer loop
      vertex 11 5.5 39
      vertex 9.62561 19.5199 39
      vertex 9.78508 19.4538 39
    endloop
  endfacet
  facet normal 0 0 -1
    outer loop
      vertex 11 5.5 39
      vertex 9.47844 19.6101 39
      vertex 9.62561 19.5199 39
    endloop
  endfacet
  facet normal 0 0 -1
    outer loop
      vertex 11 5.5 39
      vertex 9.34718 19.7222 39
      vertex 9.47844 19.6101 39
    endloop
  endfacet
  facet normal 0 0 -1
    outer loop
      vertex 11 5.5 39
      vertex -11 5.5 39
      vertex 9.34718 19.7222 39
    endloop
  endfacet
  facet normal 0 -0 -1
    outer loop
      vertex -9.34718 19.7222 39
      vertex 9.34718 19.7222 39
      vertex -11 5.5 39
    endloop
  endfacet
  facet normal 0 0 -1
    outer loop
      vertex 9.34718 19.7222 39
      vertex -9.34718 19.7222 39
      vertex 9.23508 19.8534 39
    endloop
  endfacet
  facet normal 0 -0 -1
    outer loop
      vertex -9.23508 19.8534 39
      vertex 9.23508 19.8534 39
      vertex -9.34718 19.7222 39
    endloop
  endfacet
  facet normal 0 0 -1
    outer loop
      vertex 9.025 20.5 39
      vertex -9.025 20.5 39
      vertex 9.025 23.5 39
    endloop
  endfacet
  facet normal 0 0 -1
    outer loop
      vertex 9.03854 20.3279 39
      vertex -9.025 20.5 39
      vertex 9.025 20.5 39
    endloop
  endfacet
  facet normal 0 0 -1
    outer loop
      vertex 9.23508 19.8534 39
      vertex -9.23508 19.8534 39
      vertex 9.14489 20.0006 39
    endloop
  endfacet
  facet normal 0 0 -1
    outer loop
      vertex 9.03854 20.3279 39
      vertex -9.03854 20.3279 39
      vertex -9.025 20.5 39
    endloop
  endfacet
  facet normal -0 0 -1
    outer loop
      vertex 9.03854 20.3279 39
      vertex -9.07884 20.1601 39
      vertex -9.03854 20.3279 39
    endloop
  endfacet
  facet normal 0 0 -1
    outer loop
      vertex 9.07884 20.1601 39
      vertex -9.07884 20.1601 39
      vertex 9.03854 20.3279 39
    endloop
  endfacet
  facet normal 0 -0 -1
    outer loop
      vertex -9.07884 20.1601 39
      vertex 9.07884 20.1601 39
      vertex -9.14489 20.0006 39
    endloop
  endfacet
  facet normal 0 -0 -1
    outer loop
      vertex -9.14489 20.0006 39
      vertex 9.14489 20.0006 39
      vertex -9.23508 19.8534 39
    endloop
  endfacet
  facet normal 0 0 -1
    outer loop
      vertex 9.14489 20.0006 39
      vertex -9.14489 20.0006 39
      vertex 9.07884 20.1601 39
    endloop
  endfacet
  facet normal 0 0 -1
    outer loop
      vertex -9.34718 19.7222 39
      vertex -11 5.5 39
      vertex -9.47844 19.6101 39
    endloop
  endfacet
  facet normal 0 0 -1
    outer loop
      vertex -9.47844 19.6101 39
      vertex -11 5.5 39
      vertex -9.62561 19.5199 39
    endloop
  endfacet
  facet normal 0 0 -1
    outer loop
      vertex -9.62561 19.5199 39
      vertex -11 5.5 39
      vertex -9.78508 19.4538 39
    endloop
  endfacet
  facet normal 0 0 -1
    outer loop
      vertex -9.78508 19.4538 39
      vertex -11 5.5 39
      vertex -9.95292 19.4135 39
    endloop
  endfacet
  facet normal 0 0 -1
    outer loop
      vertex -15 9 39
      vertex -9.95292 19.4135 39
      vertex -11 5.5 39
    endloop
  endfacet
  facet normal 0 0 -1
    outer loop
      vertex -9.95292 19.4135 39
      vertex -15 9 39
      vertex -10.125 19.4 39
    endloop
  endfacet
  facet normal -0 0 -1
    outer loop
      vertex -10.125 19.4 39
      vertex -15 9 39
      vertex -10.2971 19.4135 39
    endloop
  endfacet
  facet normal -0 0 -1
    outer loop
      vertex -10.2971 19.4135 39
      vertex -15 9 39
      vertex -10.4649 19.4538 39
    endloop
  endfacet
  facet normal 0 0 -1
    outer loop
      vertex -11 5.5 39
      vertex 11 2.5 39
      vertex -11 2.5 39
    endloop
  endfacet
  facet normal -0 0 -1
    outer loop
      vertex -10.4649 19.4538 39
      vertex -15 9 39
      vertex -10.6244 19.5199 39
    endloop
  endfacet
  facet normal -0 0 -1
    outer loop
      vertex -10.6244 19.5199 39
      vertex -15 9 39
      vertex -10.7716 19.6101 39
    endloop
  endfacet
  facet normal -0 0 -1
    outer loop
      vertex -10.7716 19.6101 39
      vertex -15 9 39
      vertex -10.9028 19.7222 39
    endloop
  endfacet
  facet normal -0 0 -1
    outer loop
      vertex -10.9028 19.7222 39
      vertex -15 9 39
      vertex -11.0149 19.8534 39
    endloop
  endfacet
  facet normal -0 0 -1
    outer loop
      vertex -11.0149 19.8534 39
      vertex -15 9 39
      vertex -11.1051 20.0006 39
    endloop
  endfacet
  facet normal -0 0 -1
    outer loop
      vertex -11.1051 20.0006 39
      vertex -15 9 39
      vertex -11.1712 20.1601 39
    endloop
  endfacet
  facet normal 0 0 -1
    outer loop
      vertex -15 26 39
      vertex -11.1712 20.1601 39
      vertex -15 9 39
    endloop
  endfacet
  facet normal 0 0 -1
    outer loop
      vertex -11.2115 20.3279 39
      vertex -15 26 39
      vertex -11.225 20.5 39
    endloop
  endfacet
  facet normal 0 0 -1
    outer loop
      vertex -11.1712 20.1601 39
      vertex -15 26 39
      vertex -11.2115 20.3279 39
    endloop
  endfacet
  facet normal 0 0 -1
    outer loop
      vertex -16 5.5 39
      vertex -15 9 39
      vertex -11 5.5 39
    endloop
  endfacet
  facet normal 0 0 -1
    outer loop
      vertex -17 9 39
      vertex -16 5.5 39
      vertex -17 2.5 39
    endloop
  endfacet
  facet normal 0 0 -1
    outer loop
      vertex -16 5.5 39
      vertex -17 9 39
      vertex -15 9 39
    endloop
  endfacet
  facet normal 0 0 -1
    outer loop
      vertex 16 5.5 39
      vertex 17 2.5 39
      vertex 16 2.5 39
    endloop
  endfacet
  facet normal 0 0 -1
    outer loop
      vertex 17 2.5 39
      vertex 16 5.5 39
      vertex 17 9 39
    endloop
  endfacet
  facet normal 0 0 -1
    outer loop
      vertex 16 5.5 39
      vertex 15 9 39
      vertex 17 9 39
    endloop
  endfacet
  facet normal 0 0 -1
    outer loop
      vertex 11.1712 20.1601 39
      vertex 15 26 39
      vertex 15 9 39
    endloop
  endfacet
  facet normal 0 0 -1
    outer loop
      vertex 11 5.5 39
      vertex 15 9 39
      vertex 16 5.5 39
    endloop
  endfacet
  facet normal 0 0 -1
    outer loop
      vertex 15 26 39
      vertex 11.2115 20.3279 39
      vertex 11.225 20.5 39
    endloop
  endfacet
  facet normal 0 0 -1
    outer loop
      vertex 15 26 39
      vertex 11.1712 20.1601 39
      vertex 11.2115 20.3279 39
    endloop
  endfacet
  facet normal 0 0 -1
    outer loop
      vertex 15 9 39
      vertex 11.1051 20.0006 39
      vertex 11.1712 20.1601 39
    endloop
  endfacet
  facet normal 0 0 -1
    outer loop
      vertex 15 9 39
      vertex 11.0149 19.8534 39
      vertex 11.1051 20.0006 39
    endloop
  endfacet
  facet normal -0 0 -1
    outer loop
      vertex 15 9 39
      vertex 11 5.5 39
      vertex 10.9028 19.7222 39
    endloop
  endfacet
  facet normal 0 0 -1
    outer loop
      vertex 15 9 39
      vertex 10.9028 19.7222 39
      vertex 11.0149 19.8534 39
    endloop
  endfacet
  facet normal 0 0 -1
    outer loop
      vertex 11.225 23.5 39
      vertex 15 26 39
      vertex 11.225 20.5 39
    endloop
  endfacet
  facet normal 0 0 -1
    outer loop
      vertex 11.2115 23.6721 39
      vertex 15 26 39
      vertex 11.225 23.5 39
    endloop
  endfacet
  facet normal 0 0 -1
    outer loop
      vertex 11.1712 23.8399 39
      vertex 15 26 39
      vertex 11.2115 23.6721 39
    endloop
  endfacet
  facet normal 0 0 -1
    outer loop
      vertex 11.1051 23.9994 39
      vertex 15 26 39
      vertex 11.1712 23.8399 39
    endloop
  endfacet
  facet normal 0 0 -1
    outer loop
      vertex 11.0149 24.1466 39
      vertex 15 26 39
      vertex 11.1051 23.9994 39
    endloop
  endfacet
  facet normal 0 0 -1
    outer loop
      vertex 10.9028 24.2778 39
      vertex 15 26 39
      vertex 11.0149 24.1466 39
    endloop
  endfacet
  facet normal 0 0 -1
    outer loop
      vertex 10.7716 24.3899 39
      vertex 15 26 39
      vertex 10.9028 24.2778 39
    endloop
  endfacet
  facet normal 0 0 -1
    outer loop
      vertex 10.6244 24.4801 39
      vertex 15 26 39
      vertex 10.7716 24.3899 39
    endloop
  endfacet
  facet normal 0 0 -1
    outer loop
      vertex 10.4649 24.5462 39
      vertex 15 26 39
      vertex 10.6244 24.4801 39
    endloop
  endfacet
  facet normal 0 0 -1
    outer loop
      vertex 10.2971 24.5865 39
      vertex 15 26 39
      vertex 10.4649 24.5462 39
    endloop
  endfacet
  facet normal 0 0 -1
    outer loop
      vertex 10.125 24.6 39
      vertex 15 26 39
      vertex 10.2971 24.5865 39
    endloop
  endfacet
  facet normal 0 0 -1
    outer loop
      vertex 9.95292 24.5865 39
      vertex 15 26 39
      vertex 10.125 24.6 39
    endloop
  endfacet
  facet normal 0 0 -1
    outer loop
      vertex -9.95292 24.5865 39
      vertex 9.95292 24.5865 39
      vertex 9.78508 24.5462 39
    endloop
  endfacet
  facet normal 0 0 -1
    outer loop
      vertex -9.025 23.5 39
      vertex 9.025 23.5 39
      vertex -9.025 20.5 39
    endloop
  endfacet
  facet normal 0 0 -1
    outer loop
      vertex 9.025 23.5 39
      vertex -9.025 23.5 39
      vertex 9.03854 23.6721 39
    endloop
  endfacet
  facet normal 0 0 -1
    outer loop
      vertex -9.03854 23.6721 39
      vertex 9.03854 23.6721 39
      vertex -9.025 23.5 39
    endloop
  endfacet
  facet normal 0 0 -1
    outer loop
      vertex 9.03854 23.6721 39
      vertex -9.03854 23.6721 39
      vertex 9.07884 23.8399 39
    endloop
  endfacet
  facet normal 0 0 -1
    outer loop
      vertex -9.07884 23.8399 39
      vertex 9.07884 23.8399 39
      vertex -9.03854 23.6721 39
    endloop
  endfacet
  facet normal 0 0 -1
    outer loop
      vertex 9.07884 23.8399 39
      vertex -9.07884 23.8399 39
      vertex 9.14489 23.9994 39
    endloop
  endfacet
  facet normal 0 0 -1
    outer loop
      vertex -9.14489 23.9994 39
      vertex 9.14489 23.9994 39
      vertex -9.07884 23.8399 39
    endloop
  endfacet
  facet normal 0 0 -1
    outer loop
      vertex 9.14489 23.9994 39
      vertex -9.14489 23.9994 39
      vertex 9.23508 24.1466 39
    endloop
  endfacet
  facet normal 0 0 -1
    outer loop
      vertex -9.23508 24.1466 39
      vertex 9.23508 24.1466 39
      vertex -9.14489 23.9994 39
    endloop
  endfacet
  facet normal 0 0 -1
    outer loop
      vertex 9.23508 24.1466 39
      vertex -9.23508 24.1466 39
      vertex 9.34718 24.2778 39
    endloop
  endfacet
  facet normal 0 0 -1
    outer loop
      vertex -9.34718 24.2778 39
      vertex 9.34718 24.2778 39
      vertex -9.23508 24.1466 39
    endloop
  endfacet
  facet normal 0 0 -1
    outer loop
      vertex 9.34718 24.2778 39
      vertex -9.34718 24.2778 39
      vertex 9.47844 24.3899 39
    endloop
  endfacet
  facet normal 0 0 -1
    outer loop
      vertex -9.47844 24.3899 39
      vertex 9.47844 24.3899 39
      vertex -9.34718 24.2778 39
    endloop
  endfacet
  facet normal 0 0 -1
    outer loop
      vertex 9.47844 24.3899 39
      vertex -9.47844 24.3899 39
      vertex 9.62561 24.4801 39
    endloop
  endfacet
  facet normal 0 0 -1
    outer loop
      vertex -9.62561 24.4801 39
      vertex 9.62561 24.4801 39
      vertex -9.47844 24.3899 39
    endloop
  endfacet
  facet normal 0 0 -1
    outer loop
      vertex 9.62561 24.4801 39
      vertex -9.62561 24.4801 39
      vertex 9.78508 24.5462 39
    endloop
  endfacet
  facet normal 0 0 -1
    outer loop
      vertex -9.78508 24.5462 39
      vertex 9.78508 24.5462 39
      vertex -9.62561 24.4801 39
    endloop
  endfacet
  facet normal 0 0 -1
    outer loop
      vertex -9.95292 24.5865 39
      vertex 9.78508 24.5462 39
      vertex -9.78508 24.5462 39
    endloop
  endfacet
  facet normal 0 0 -1
    outer loop
      vertex 9.95292 24.5865 39
      vertex -9.95292 24.5865 39
      vertex 15 26 39
    endloop
  endfacet
  facet normal 0 0 -1
    outer loop
      vertex -15 26 39
      vertex -9.95292 24.5865 39
      vertex -10.125 24.6 39
    endloop
  endfacet
  facet normal 0 0 -1
    outer loop
      vertex -11.225 20.5 39
      vertex -15 26 39
      vertex -11.225 23.5 39
    endloop
  endfacet
  facet normal 0 0 -1
    outer loop
      vertex -11.225 23.5 39
      vertex -15 26 39
      vertex -11.2115 23.6721 39
    endloop
  endfacet
  facet normal 0 0 -1
    outer loop
      vertex -9.95292 24.5865 39
      vertex -15 26 39
      vertex 15 26 39
    endloop
  endfacet
  facet normal 0 0 -1
    outer loop
      vertex -10.2971 24.5865 39
      vertex -15 26 39
      vertex -10.125 24.6 39
    endloop
  endfacet
  facet normal 0 0 -1
    outer loop
      vertex -10.4649 24.5462 39
      vertex -15 26 39
      vertex -10.2971 24.5865 39
    endloop
  endfacet
  facet normal 0 0 -1
    outer loop
      vertex -10.6244 24.4801 39
      vertex -15 26 39
      vertex -10.4649 24.5462 39
    endloop
  endfacet
  facet normal 0 0 -1
    outer loop
      vertex -10.7716 24.3899 39
      vertex -15 26 39
      vertex -10.6244 24.4801 39
    endloop
  endfacet
  facet normal 0 0 -1
    outer loop
      vertex -10.9028 24.2778 39
      vertex -15 26 39
      vertex -10.7716 24.3899 39
    endloop
  endfacet
  facet normal 0 0 -1
    outer loop
      vertex -11.0149 24.1466 39
      vertex -15 26 39
      vertex -10.9028 24.2778 39
    endloop
  endfacet
  facet normal 0 0 -1
    outer loop
      vertex -11.1051 23.9994 39
      vertex -15 26 39
      vertex -11.0149 24.1466 39
    endloop
  endfacet
  facet normal 0 0 -1
    outer loop
      vertex -11.1712 23.8399 39
      vertex -15 26 39
      vertex -11.1051 23.9994 39
    endloop
  endfacet
  facet normal 0 0 -1
    outer loop
      vertex -11.2115 23.6721 39
      vertex -15 26 39
      vertex -11.1712 23.8399 39
    endloop
  endfacet
  facet normal 0 0 -1
    outer loop
      vertex -12.2056 2.05954 39
      vertex -11 2.5 39
      vertex -11 0 39
    endloop
  endfacet
  facet normal 0 0 -1
    outer loop
      vertex -11.9197 3.25029 39
      vertex -11 2.5 39
      vertex -11.9 3 39
    endloop
  endfacet
  facet normal 0 0 -1
    outer loop
      vertex -11 2.5 39
      vertex -11.9197 2.7497 39
      vertex -11.9 3 39
    endloop
  endfacet
  facet normal 0 0 -1
    outer loop
      vertex -11 2.5 39
      vertex -11.9783 2.50557 39
      vertex -11.9197 2.7497 39
    endloop
  endfacet
  facet normal -0 0 -1
    outer loop
      vertex -11 2.5 39
      vertex -12.0744 2.27361 39
      vertex -11.9783 2.50557 39
    endloop
  endfacet
  facet normal 0 0 -1
    outer loop
      vertex -11 2.5 39
      vertex -12.2056 2.05954 39
      vertex -12.0744 2.27361 39
    endloop
  endfacet
  facet normal 0 0 -1
    outer loop
      vertex -11 0 39
      vertex -12.3686 1.86863 39
      vertex -12.2056 2.05954 39
    endloop
  endfacet
  facet normal 0 0 -1
    outer loop
      vertex -11 0 39
      vertex -12.5595 1.70557 39
      vertex -12.3686 1.86863 39
    endloop
  endfacet
  facet normal 0 0 -1
    outer loop
      vertex -11 0 39
      vertex -12.7736 1.57439 39
      vertex -12.5595 1.70557 39
    endloop
  endfacet
  facet normal 0 0 -1
    outer loop
      vertex -11 0 39
      vertex -13.0056 1.47831 39
      vertex -12.7736 1.57439 39
    endloop
  endfacet
  facet normal 0 0 -1
    outer loop
      vertex -11 0 39
      vertex -13.2497 1.4197 39
      vertex -13.0056 1.47831 39
    endloop
  endfacet
  facet normal 0 0 -1
    outer loop
      vertex -11 0 39
      vertex -13.5 1.4 39
      vertex -13.2497 1.4197 39
    endloop
  endfacet
  facet normal 0 0 -1
    outer loop
      vertex -16 0 39
      vertex -13.5 1.4 39
      vertex -11 0 39
    endloop
  endfacet
  facet normal -0 0 -1
    outer loop
      vertex -13.5 1.4 39
      vertex -16 0 39
      vertex -13.7503 1.4197 39
    endloop
  endfacet
  facet normal -0 0 -1
    outer loop
      vertex -13.7503 1.4197 39
      vertex -16 0 39
      vertex -13.9944 1.47831 39
    endloop
  endfacet
  facet normal -0 0 -1
    outer loop
      vertex -15.0217 2.50557 39
      vertex -16 2.5 39
      vertex -15.0803 2.7497 39
    endloop
  endfacet
  facet normal 0 0 -1
    outer loop
      vertex -14.9256 2.27361 39
      vertex -16 2.5 39
      vertex -15.0217 2.50557 39
    endloop
  endfacet
  facet normal 0 0 -1
    outer loop
      vertex -14.7944 2.05954 39
      vertex -16 2.5 39
      vertex -14.9256 2.27361 39
    endloop
  endfacet
  facet normal 0 0 -1
    outer loop
      vertex -16 2.5 39
      vertex -14.7944 2.05954 39
      vertex -16 0 39
    endloop
  endfacet
  facet normal -0 0 -1
    outer loop
      vertex -14.6314 1.86863 39
      vertex -16 0 39
      vertex -14.7944 2.05954 39
    endloop
  endfacet
  facet normal -0 0 -1
    outer loop
      vertex -14.4405 1.70557 39
      vertex -16 0 39
      vertex -14.6314 1.86863 39
    endloop
  endfacet
  facet normal -0 0 -1
    outer loop
      vertex -14.2264 1.57439 39
      vertex -16 0 39
      vertex -14.4405 1.70557 39
    endloop
  endfacet
  facet normal -0 0 -1
    outer loop
      vertex -13.9944 1.47831 39
      vertex -16 0 39
      vertex -14.2264 1.57439 39
    endloop
  endfacet
  facet normal 0 0 -1
    outer loop
      vertex -11.9783 3.49443 39
      vertex -11 2.5 39
      vertex -11.9197 3.25029 39
    endloop
  endfacet
  facet normal 0 0 -1
    outer loop
      vertex -11 2.5 39
      vertex -11.9783 3.49443 39
      vertex -11 5.5 39
    endloop
  endfacet
  facet normal 0 0 -1
    outer loop
      vertex -12.0744 3.72638 39
      vertex -11 5.5 39
      vertex -11.9783 3.49443 39
    endloop
  endfacet
  facet normal 0 0 -1
    outer loop
      vertex -12.2056 3.94046 39
      vertex -11 5.5 39
      vertex -12.0744 3.72638 39
    endloop
  endfacet
  facet normal 0 0 -1
    outer loop
      vertex -12.3686 4.13137 39
      vertex -11 5.5 39
      vertex -12.2056 3.94046 39
    endloop
  endfacet
  facet normal 0 0 -1
    outer loop
      vertex -12.5595 4.29443 39
      vertex -11 5.5 39
      vertex -12.3686 4.13137 39
    endloop
  endfacet
  facet normal 0 0 -1
    outer loop
      vertex -12.7736 4.42561 39
      vertex -11 5.5 39
      vertex -12.5595 4.29443 39
    endloop
  endfacet
  facet normal 0 0 -1
    outer loop
      vertex -13.0056 4.52169 39
      vertex -11 5.5 39
      vertex -12.7736 4.42561 39
    endloop
  endfacet
  facet normal 0 0 -1
    outer loop
      vertex -13.2497 4.5803 39
      vertex -11 5.5 39
      vertex -13.0056 4.52169 39
    endloop
  endfacet
  facet normal 0 0 -1
    outer loop
      vertex -13.5 4.6 39
      vertex -11 5.5 39
      vertex -13.2497 4.5803 39
    endloop
  endfacet
  facet normal 0 0 -1
    outer loop
      vertex -16 5.5 39
      vertex -13.5 4.6 39
      vertex -13.7503 4.5803 39
    endloop
  endfacet
  facet normal 0 0 -1
    outer loop
      vertex -16 5.5 39
      vertex -13.7503 4.5803 39
      vertex -13.9944 4.52169 39
    endloop
  endfacet
  facet normal -0 0 -1
    outer loop
      vertex -15.0803 2.7497 39
      vertex -16 2.5 39
      vertex -15.1 3 39
    endloop
  endfacet
  facet normal -0 0 -1
    outer loop
      vertex -15.1 3 39
      vertex -16 2.5 39
      vertex -15.0803 3.25029 39
    endloop
  endfacet
  facet normal -0 0 -1
    outer loop
      vertex -15.0803 3.25029 39
      vertex -16 2.5 39
      vertex -15.0217 3.49443 39
    endloop
  endfacet
  facet normal 0 0 -1
    outer loop
      vertex -16 5.5 39
      vertex -15.0217 3.49443 39
      vertex -16 2.5 39
    endloop
  endfacet
  facet normal 0 0 -1
    outer loop
      vertex -15.0217 3.49443 39
      vertex -16 5.5 39
      vertex -14.9256 3.72638 39
    endloop
  endfacet
  facet normal 0 0 -1
    outer loop
      vertex -13.5 4.6 39
      vertex -16 5.5 39
      vertex -11 5.5 39
    endloop
  endfacet
  facet normal 0 0 -1
    outer loop
      vertex -14.2264 4.42561 39
      vertex -16 5.5 39
      vertex -13.9944 4.52169 39
    endloop
  endfacet
  facet normal 0 0 -1
    outer loop
      vertex -14.4405 4.29443 39
      vertex -16 5.5 39
      vertex -14.2264 4.42561 39
    endloop
  endfacet
  facet normal 0 0 -1
    outer loop
      vertex -14.6314 4.13137 39
      vertex -16 5.5 39
      vertex -14.4405 4.29443 39
    endloop
  endfacet
  facet normal 0 0 -1
    outer loop
      vertex -14.7944 3.94046 39
      vertex -16 5.5 39
      vertex -14.6314 4.13137 39
    endloop
  endfacet
  facet normal 0 0 -1
    outer loop
      vertex -14.9256 3.72638 39
      vertex -16 5.5 39
      vertex -14.7944 3.94046 39
    endloop
  endfacet
  facet normal 0 0 -1
    outer loop
      vertex 14.7944 2.05954 39
      vertex 16 2.5 39
      vertex 16 0 39
    endloop
  endfacet
  facet normal 0 0 -1
    outer loop
      vertex 15.0803 3.25029 39
      vertex 16 2.5 39
      vertex 15.1 3 39
    endloop
  endfacet
  facet normal 0 0 -1
    outer loop
      vertex 16 2.5 39
      vertex 15.0803 2.7497 39
      vertex 15.1 3 39
    endloop
  endfacet
  facet normal 0 0 -1
    outer loop
      vertex 16 2.5 39
      vertex 15.0217 2.50557 39
      vertex 15.0803 2.7497 39
    endloop
  endfacet
  facet normal -0 0 -1
    outer loop
      vertex 16 2.5 39
      vertex 14.9256 2.27361 39
      vertex 15.0217 2.50557 39
    endloop
  endfacet
  facet normal 0 0 -1
    outer loop
      vertex 16 2.5 39
      vertex 14.7944 2.05954 39
      vertex 14.9256 2.27361 39
    endloop
  endfacet
  facet normal 0 0 -1
    outer loop
      vertex 16 0 39
      vertex 14.6314 1.86863 39
      vertex 14.7944 2.05954 39
    endloop
  endfacet
  facet normal 0 0 -1
    outer loop
      vertex 16 0 39
      vertex 14.4405 1.70557 39
      vertex 14.6314 1.86863 39
    endloop
  endfacet
  facet normal 0 0 -1
    outer loop
      vertex 16 0 39
      vertex 14.2264 1.57439 39
      vertex 14.4405 1.70557 39
    endloop
  endfacet
  facet normal 0 0 -1
    outer loop
      vertex 16 0 39
      vertex 13.9944 1.47831 39
      vertex 14.2264 1.57439 39
    endloop
  endfacet
  facet normal 0 0 -1
    outer loop
      vertex 16 0 39
      vertex 13.7503 1.4197 39
      vertex 13.9944 1.47831 39
    endloop
  endfacet
  facet normal 0 0 -1
    outer loop
      vertex 16 0 39
      vertex 13.5 1.4 39
      vertex 13.7503 1.4197 39
    endloop
  endfacet
  facet normal 0 0 -1
    outer loop
      vertex 11 0 39
      vertex 13.5 1.4 39
      vertex 16 0 39
    endloop
  endfacet
  facet normal -0 0 -1
    outer loop
      vertex 13.5 1.4 39
      vertex 11 0 39
      vertex 13.2497 1.4197 39
    endloop
  endfacet
  facet normal -0 0 -1
    outer loop
      vertex 13.2497 1.4197 39
      vertex 11 0 39
      vertex 13.0056 1.47831 39
    endloop
  endfacet
  facet normal -0 0 -1
    outer loop
      vertex 11.9783 2.50557 39
      vertex 11 2.5 39
      vertex 11.9197 2.7497 39
    endloop
  endfacet
  facet normal 0 0 -1
    outer loop
      vertex 12.0744 2.27361 39
      vertex 11 2.5 39
      vertex 11.9783 2.50557 39
    endloop
  endfacet
  facet normal 0 0 -1
    outer loop
      vertex 12.2056 2.05954 39
      vertex 11 2.5 39
      vertex 12.0744 2.27361 39
    endloop
  endfacet
  facet normal 0 0 -1
    outer loop
      vertex 11 2.5 39
      vertex 12.2056 2.05954 39
      vertex 11 0 39
    endloop
  endfacet
  facet normal -0 0 -1
    outer loop
      vertex 12.3686 1.86863 39
      vertex 11 0 39
      vertex 12.2056 2.05954 39
    endloop
  endfacet
  facet normal -0 0 -1
    outer loop
      vertex 12.5595 1.70557 39
      vertex 11 0 39
      vertex 12.3686 1.86863 39
    endloop
  endfacet
  facet normal -0 0 -1
    outer loop
      vertex 12.7736 1.57439 39
      vertex 11 0 39
      vertex 12.5595 1.70557 39
    endloop
  endfacet
  facet normal -0 0 -1
    outer loop
      vertex 13.0056 1.47831 39
      vertex 11 0 39
      vertex 12.7736 1.57439 39
    endloop
  endfacet
  facet normal 0 0 -1
    outer loop
      vertex 15.0217 3.49443 39
      vertex 16 2.5 39
      vertex 15.0803 3.25029 39
    endloop
  endfacet
  facet normal 0 0 -1
    outer loop
      vertex 16 2.5 39
      vertex 15.0217 3.49443 39
      vertex 16 5.5 39
    endloop
  endfacet
  facet normal 0 0 -1
    outer loop
      vertex 14.9256 3.72638 39
      vertex 16 5.5 39
      vertex 15.0217 3.49443 39
    endloop
  endfacet
  facet normal 0 0 -1
    outer loop
      vertex 14.7944 3.94046 39
      vertex 16 5.5 39
      vertex 14.9256 3.72638 39
    endloop
  endfacet
  facet normal 0 0 -1
    outer loop
      vertex 14.6314 4.13137 39
      vertex 16 5.5 39
      vertex 14.7944 3.94046 39
    endloop
  endfacet
  facet normal 0 0 -1
    outer loop
      vertex 14.4405 4.29443 39
      vertex 16 5.5 39
      vertex 14.6314 4.13137 39
    endloop
  endfacet
  facet normal 0 0 -1
    outer loop
      vertex 14.2264 4.42561 39
      vertex 16 5.5 39
      vertex 14.4405 4.29443 39
    endloop
  endfacet
  facet normal 0 0 -1
    outer loop
      vertex 13.9944 4.52169 39
      vertex 16 5.5 39
      vertex 14.2264 4.42561 39
    endloop
  endfacet
  facet normal 0 0 -1
    outer loop
      vertex 13.7503 4.5803 39
      vertex 16 5.5 39
      vertex 13.9944 4.52169 39
    endloop
  endfacet
  facet normal 0 0 -1
    outer loop
      vertex 13.5 4.6 39
      vertex 16 5.5 39
      vertex 13.7503 4.5803 39
    endloop
  endfacet
  facet normal 0 0 -1
    outer loop
      vertex 11 5.5 39
      vertex 13.5 4.6 39
      vertex 13.2497 4.5803 39
    endloop
  endfacet
  facet normal 0 0 -1
    outer loop
      vertex 11 5.5 39
      vertex 13.2497 4.5803 39
      vertex 13.0056 4.52169 39
    endloop
  endfacet
  facet normal -0 0 -1
    outer loop
      vertex 11.9197 2.7497 39
      vertex 11 2.5 39
      vertex 11.9 3 39
    endloop
  endfacet
  facet normal -0 0 -1
    outer loop
      vertex 11.9 3 39
      vertex 11 2.5 39
      vertex 11.9197 3.25029 39
    endloop
  endfacet
  facet normal -0 0 -1
    outer loop
      vertex 11.9197 3.25029 39
      vertex 11 2.5 39
      vertex 11.9783 3.49443 39
    endloop
  endfacet
  facet normal 0 0 -1
    outer loop
      vertex 11 5.5 39
      vertex 11.9783 3.49443 39
      vertex 11 2.5 39
    endloop
  endfacet
  facet normal 0 0 -1
    outer loop
      vertex 11.9783 3.49443 39
      vertex 11 5.5 39
      vertex 12.0744 3.72638 39
    endloop
  endfacet
  facet normal 0 0 -1
    outer loop
      vertex 13.5 4.6 39
      vertex 11 5.5 39
      vertex 16 5.5 39
    endloop
  endfacet
  facet normal 0 0 -1
    outer loop
      vertex 12.7736 4.42561 39
      vertex 11 5.5 39
      vertex 13.0056 4.52169 39
    endloop
  endfacet
  facet normal 0 0 -1
    outer loop
      vertex 12.5595 4.29443 39
      vertex 11 5.5 39
      vertex 12.7736 4.42561 39
    endloop
  endfacet
  facet normal 0 0 -1
    outer loop
      vertex 12.3686 4.13137 39
      vertex 11 5.5 39
      vertex 12.5595 4.29443 39
    endloop
  endfacet
  facet normal 0 0 -1
    outer loop
      vertex 12.2056 3.94046 39
      vertex 11 5.5 39
      vertex 12.3686 4.13137 39
    endloop
  endfacet
  facet normal 0 0 -1
    outer loop
      vertex 12.0744 3.72638 39
      vertex 11 5.5 39
      vertex 12.2056 3.94046 39
    endloop
  endfacet
  facet normal -1 0 0
    outer loop
      vertex -20 2.5 39.01
      vertex -20 9 39
      vertex -20 2.5 12
    endloop
  endfacet
  facet normal -1 0 0
    outer loop
      vertex -20 9 39
      vertex -20 2.5 39.01
      vertex -20 9 41
    endloop
  endfacet
  facet normal -1 0 0
    outer loop
      vertex -20 0 41
      vertex -20 2.5 39.01
      vertex -20 0 39.01
    endloop
  endfacet
  facet normal -1 0 0
    outer loop
      vertex -20 2.5 39.01
      vertex -20 0 41
      vertex -20 9 41
    endloop
  endfacet
  facet normal 0 1 0
    outer loop
      vertex -17 9 39
      vertex -15 9 41
      vertex -15 9 39
    endloop
  endfacet
  facet normal 0 1 0
    outer loop
      vertex -15 9 41
      vertex -17 9 39
      vertex -20 9 41
    endloop
  endfacet
  facet normal 0 1 0
    outer loop
      vertex -20 9 41
      vertex -17 9 39
      vertex -20 9 39
    endloop
  endfacet
  facet normal 0 1 0
    outer loop
      vertex 17 9 39
      vertex 20 9 41
      vertex 20 9 39
    endloop
  endfacet
  facet normal 0 1 0
    outer loop
      vertex 20 9 41
      vertex 17 9 39
      vertex 15 9 41
    endloop
  endfacet
  facet normal 0 1 0
    outer loop
      vertex 15 9 41
      vertex 17 9 39
      vertex 15 9 39
    endloop
  endfacet
  facet normal 0 -1 0
    outer loop
      vertex -11 0 34
      vertex 11 0 39
      vertex -11 0 39
    endloop
  endfacet
  facet normal 0 -1 -0
    outer loop
      vertex 11 0 39
      vertex -11 0 34
      vertex 11 0 34
    endloop
  endfacet
  facet normal 0 -1 0
    outer loop
      vertex -16 0 34
      vertex -20 0 39.01
      vertex -22 0 39.01
    endloop
  endfacet
  facet normal 0 -1 0
    outer loop
      vertex -20 0 39.01
      vertex -16 0 39
      vertex 20 0 39.01
    endloop
  endfacet
  facet normal 0 -1 0
    outer loop
      vertex -11 0 39
      vertex 20 0 39.01
      vertex -16 0 39
    endloop
  endfacet
  facet normal 0 -1 0
    outer loop
      vertex -20 0 39.01
      vertex -16 0 34
      vertex -16 0 39
    endloop
  endfacet
  facet normal 0 -1 0
    outer loop
      vertex -22 0 5.5
      vertex -11 0 34
      vertex -16 0 34
    endloop
  endfacet
  facet normal 0 -1 -0
    outer loop
      vertex -11 0 34
      vertex -22 0 5.5
      vertex 11 0 34
    endloop
  endfacet
  facet normal 0 -1 0
    outer loop
      vertex 22 0 5.5
      vertex 11 0 34
      vertex -22 0 5.5
    endloop
  endfacet
  facet normal 0 -1 0
    outer loop
      vertex -22 0 5.5
      vertex -16 0 34
      vertex -22 0 39.01
    endloop
  endfacet
  facet normal 0 -1 0
    outer loop
      vertex -20 0 39.01
      vertex 20 0 41
      vertex -20 0 41
    endloop
  endfacet
  facet normal 0 -1 -0
    outer loop
      vertex 20 0 41
      vertex -20 0 39.01
      vertex 20 0 39.01
    endloop
  endfacet
  facet normal 0 -1 0
    outer loop
      vertex 11 0 39
      vertex 20 0 39.01
      vertex -11 0 39
    endloop
  endfacet
  facet normal 0 -1 0
    outer loop
      vertex 16 0 39
      vertex 20 0 39.01
      vertex 11 0 39
    endloop
  endfacet
  facet normal 0 -1 0
    outer loop
      vertex 16 0 34
      vertex 20 0 39.01
      vertex 16 0 39
    endloop
  endfacet
  facet normal 0 -1 -0
    outer loop
      vertex 20 0 39.01
      vertex 16 0 34
      vertex 22 0 39.01
    endloop
  endfacet
  facet normal 0 -1 0
    outer loop
      vertex 16 0 34
      vertex 22 0 5.5
      vertex 22 0 39.01
    endloop
  endfacet
  facet normal 0 -1 0
    outer loop
      vertex 11 0 34
      vertex 22 0 5.5
      vertex 16 0 34
    endloop
  endfacet
  facet normal 1 -0 0
    outer loop
      vertex 15 9 41
      vertex 15 26 39
      vertex 15 26 41
    endloop
  endfacet
  facet normal 1 0 0
    outer loop
      vertex 15 26 39
      vertex 15 9 41
      vertex 15 9 39
    endloop
  endfacet
  facet normal -1 0 0
    outer loop
      vertex -15 9 39
      vertex -15 26 41
      vertex -15 26 39
    endloop
  endfacet
  facet normal -1 -0 0
    outer loop
      vertex -15 26 41
      vertex -15 9 39
      vertex -15 9 41
    endloop
  endfacet
  facet normal 0 1 -0
    outer loop
      vertex 15 26 39
      vertex -15 26 41
      vertex 15 26 41
    endloop
  endfacet
  facet normal 0 1 0
    outer loop
      vertex -15 26 41
      vertex 15 26 39
      vertex -15 26 39
    endloop
  endfacet
  facet normal 0.97235 0.233526 0
    outer loop
      vertex -11.1712 20.1601 41
      vertex -11.2115 20.3279 39
      vertex -11.2115 20.3279 41
    endloop
  endfacet
  facet normal 0.97235 0.233526 0
    outer loop
      vertex -11.2115 20.3279 39
      vertex -11.1712 20.1601 41
      vertex -11.1712 20.1601 39
    endloop
  endfacet
  facet normal -0.382908 -0.923787 0
    outer loop
      vertex -9.78508 24.5462 39
      vertex -9.62561 24.4801 41
      vertex -9.78508 24.5462 41
    endloop
  endfacet
  facet normal -0.382908 -0.923787 -0
    outer loop
      vertex -9.62561 24.4801 41
      vertex -9.78508 24.5462 39
      vertex -9.62561 24.4801 39
    endloop
  endfacet
  facet normal -0.522558 -0.852604 0
    outer loop
      vertex -9.62561 24.4801 39
      vertex -9.47844 24.3899 41
      vertex -9.62561 24.4801 41
    endloop
  endfacet
  facet normal -0.522558 -0.852604 -0
    outer loop
      vertex -9.47844 24.3899 41
      vertex -9.62561 24.4801 39
      vertex -9.47844 24.3899 39
    endloop
  endfacet
  facet normal -1 0 0
    outer loop
      vertex -9.025 20.5 39
      vertex -9.025 23.5 41
      vertex -9.025 23.5 39
    endloop
  endfacet
  facet normal -1 -0 0
    outer loop
      vertex -9.025 23.5 41
      vertex -9.025 20.5 39
      vertex -9.025 20.5 41
    endloop
  endfacet
  facet normal 0.760278 0.649598 0
    outer loop
      vertex -10.9028 19.7222 41
      vertex -11.0149 19.8534 39
      vertex -11.0149 19.8534 41
    endloop
  endfacet
  facet normal 0.760278 0.649598 0
    outer loop
      vertex -11.0149 19.8534 39
      vertex -10.9028 19.7222 41
      vertex -10.9028 19.7222 39
    endloop
  endfacet
  facet normal 0.382846 0.923812 -0
    outer loop
      vertex -10.4649 19.4538 39
      vertex -10.6244 19.5199 41
      vertex -10.4649 19.4538 41
    endloop
  endfacet
  facet normal 0.382846 0.923812 0
    outer loop
      vertex -10.6244 19.5199 41
      vertex -10.4649 19.4538 39
      vertex -10.6244 19.5199 39
    endloop
  endfacet
  facet normal 0.0782025 -0.996937 0
    outer loop
      vertex -10.2971 24.5865 39
      vertex -10.125 24.6 41
      vertex -10.2971 24.5865 41
    endloop
  endfacet
  facet normal 0.0782025 -0.996937 0
    outer loop
      vertex -10.125 24.6 41
      vertex -10.2971 24.5865 39
      vertex -10.125 24.6 39
    endloop
  endfacet
  facet normal -0.760278 0.649598 0
    outer loop
      vertex -9.34718 19.7222 39
      vertex -9.23508 19.8534 41
      vertex -9.23508 19.8534 39
    endloop
  endfacet
  facet normal -0.760278 0.649598 0
    outer loop
      vertex -9.23508 19.8534 41
      vertex -9.34718 19.7222 39
      vertex -9.34718 19.7222 41
    endloop
  endfacet
  facet normal 1 -0 0
    outer loop
      vertex -11.225 20.5 41
      vertex -11.225 23.5 39
      vertex -11.225 23.5 41
    endloop
  endfacet
  facet normal 1 0 0
    outer loop
      vertex -11.225 23.5 39
      vertex -11.225 20.5 41
      vertex -11.225 20.5 39
    endloop
  endfacet
  facet normal -0.233474 -0.972363 0
    outer loop
      vertex -9.95292 24.5865 39
      vertex -9.78508 24.5462 41
      vertex -9.95292 24.5865 41
    endloop
  endfacet
  facet normal -0.233474 -0.972363 -0
    outer loop
      vertex -9.78508 24.5462 41
      vertex -9.95292 24.5865 39
      vertex -9.78508 24.5462 39
    endloop
  endfacet
  facet normal -0.996919 0.0784328 0
    outer loop
      vertex -9.03854 20.3279 39
      vertex -9.025 20.5 41
      vertex -9.025 20.5 39
    endloop
  endfacet
  facet normal -0.996919 0.0784328 0
    outer loop
      vertex -9.025 20.5 41
      vertex -9.03854 20.3279 39
      vertex -9.03854 20.3279 41
    endloop
  endfacet
  facet normal -0.923914 -0.382599 0
    outer loop
      vertex -9.07884 23.8399 39
      vertex -9.14489 23.9994 41
      vertex -9.14489 23.9994 39
    endloop
  endfacet
  facet normal -0.923914 -0.382599 0
    outer loop
      vertex -9.14489 23.9994 41
      vertex -9.07884 23.8399 39
      vertex -9.07884 23.8399 41
    endloop
  endfacet
  facet normal -0.97235 0.233526 0
    outer loop
      vertex -9.07884 20.1601 39
      vertex -9.03854 20.3279 41
      vertex -9.03854 20.3279 39
    endloop
  endfacet
  facet normal -0.97235 0.233526 0
    outer loop
      vertex -9.03854 20.3279 41
      vertex -9.07884 20.1601 39
      vertex -9.07884 20.1601 41
    endloop
  endfacet
  facet normal 0.522481 -0.852651 0
    outer loop
      vertex -10.7716 24.3899 39
      vertex -10.6244 24.4801 41
      vertex -10.7716 24.3899 41
    endloop
  endfacet
  facet normal 0.522481 -0.852651 0
    outer loop
      vertex -10.6244 24.4801 41
      vertex -10.7716 24.3899 39
      vertex -10.6244 24.4801 39
    endloop
  endfacet
  facet normal 0.923812 0.382846 0
    outer loop
      vertex -11.1051 20.0006 41
      vertex -11.1712 20.1601 39
      vertex -11.1712 20.1601 41
    endloop
  endfacet
  facet normal 0.923812 0.382846 0
    outer loop
      vertex -11.1712 20.1601 39
      vertex -11.1051 20.0006 41
      vertex -11.1051 20.0006 39
    endloop
  endfacet
  facet normal 0.649598 0.760278 -0
    outer loop
      vertex -10.7716 19.6101 39
      vertex -10.9028 19.7222 41
      vertex -10.7716 19.6101 41
    endloop
  endfacet
  facet normal 0.649598 0.760278 0
    outer loop
      vertex -10.9028 19.7222 41
      vertex -10.7716 19.6101 39
      vertex -10.9028 19.7222 39
    endloop
  endfacet
  facet normal -0.852677 0.522438 0
    outer loop
      vertex -9.23508 19.8534 39
      vertex -9.14489 20.0006 41
      vertex -9.14489 20.0006 39
    endloop
  endfacet
  facet normal -0.852677 0.522438 0
    outer loop
      vertex -9.14489 20.0006 41
      vertex -9.23508 19.8534 39
      vertex -9.23508 19.8534 41
    endloop
  endfacet
  facet normal 0.852651 -0.522481 0
    outer loop
      vertex -11.1051 23.9994 41
      vertex -11.0149 24.1466 39
      vertex -11.0149 24.1466 41
    endloop
  endfacet
  facet normal 0.852651 -0.522481 0
    outer loop
      vertex -11.0149 24.1466 39
      vertex -11.1051 23.9994 41
      vertex -11.1051 23.9994 39
    endloop
  endfacet
  facet normal -0.649426 0.760425 0
    outer loop
      vertex -9.34718 19.7222 39
      vertex -9.47844 19.6101 41
      vertex -9.34718 19.7222 41
    endloop
  endfacet
  facet normal -0.649426 0.760425 0
    outer loop
      vertex -9.47844 19.6101 41
      vertex -9.34718 19.7222 39
      vertex -9.47844 19.6101 39
    endloop
  endfacet
  facet normal 0.852651 0.522481 0
    outer loop
      vertex -11.0149 19.8534 41
      vertex -11.1051 20.0006 39
      vertex -11.1051 20.0006 41
    endloop
  endfacet
  facet normal 0.852651 0.522481 0
    outer loop
      vertex -11.1051 20.0006 39
      vertex -11.0149 19.8534 41
      vertex -11.0149 19.8534 39
    endloop
  endfacet
  facet normal 0.233526 -0.97235 0
    outer loop
      vertex -10.4649 24.5462 39
      vertex -10.2971 24.5865 41
      vertex -10.4649 24.5462 41
    endloop
  endfacet
  facet normal 0.233526 -0.97235 0
    outer loop
      vertex -10.2971 24.5865 41
      vertex -10.4649 24.5462 39
      vertex -10.2971 24.5865 39
    endloop
  endfacet
  facet normal -0.760278 -0.649598 0
    outer loop
      vertex -9.23508 24.1466 39
      vertex -9.34718 24.2778 41
      vertex -9.34718 24.2778 39
    endloop
  endfacet
  facet normal -0.760278 -0.649598 0
    outer loop
      vertex -9.34718 24.2778 41
      vertex -9.23508 24.1466 39
      vertex -9.23508 24.1466 41
    endloop
  endfacet
  facet normal 0.996937 -0.0782025 0
    outer loop
      vertex -11.225 23.5 41
      vertex -11.2115 23.6721 39
      vertex -11.2115 23.6721 41
    endloop
  endfacet
  facet normal 0.996937 -0.0782025 0
    outer loop
      vertex -11.2115 23.6721 39
      vertex -11.225 23.5 41
      vertex -11.225 23.5 39
    endloop
  endfacet
  facet normal -0.923914 0.382599 0
    outer loop
      vertex -9.14489 20.0006 39
      vertex -9.07884 20.1601 41
      vertex -9.07884 20.1601 39
    endloop
  endfacet
  facet normal -0.923914 0.382599 0
    outer loop
      vertex -9.07884 20.1601 41
      vertex -9.14489 20.0006 39
      vertex -9.14489 20.0006 41
    endloop
  endfacet
  facet normal 0.97235 -0.233526 0
    outer loop
      vertex -11.2115 23.6721 41
      vertex -11.1712 23.8399 39
      vertex -11.1712 23.8399 41
    endloop
  endfacet
  facet normal 0.97235 -0.233526 0
    outer loop
      vertex -11.1712 23.8399 39
      vertex -11.2115 23.6721 41
      vertex -11.2115 23.6721 39
    endloop
  endfacet
  facet normal 0.382846 -0.923812 0
    outer loop
      vertex -10.6244 24.4801 39
      vertex -10.4649 24.5462 41
      vertex -10.6244 24.4801 41
    endloop
  endfacet
  facet normal 0.382846 -0.923812 0
    outer loop
      vertex -10.4649 24.5462 41
      vertex -10.6244 24.4801 39
      vertex -10.4649 24.5462 39
    endloop
  endfacet
  facet normal -0.649426 -0.760425 0
    outer loop
      vertex -9.47844 24.3899 39
      vertex -9.34718 24.2778 41
      vertex -9.47844 24.3899 41
    endloop
  endfacet
  facet normal -0.649426 -0.760425 -0
    outer loop
      vertex -9.34718 24.2778 41
      vertex -9.47844 24.3899 39
      vertex -9.34718 24.2778 39
    endloop
  endfacet
  facet normal -0.0782116 0.996937 0
    outer loop
      vertex -9.95292 19.4135 39
      vertex -10.125 19.4 41
      vertex -9.95292 19.4135 41
    endloop
  endfacet
  facet normal -0.0782116 0.996937 0
    outer loop
      vertex -10.125 19.4 41
      vertex -9.95292 19.4135 39
      vertex -10.125 19.4 39
    endloop
  endfacet
  facet normal 0.996937 0.0782025 0
    outer loop
      vertex -11.2115 20.3279 41
      vertex -11.225 20.5 39
      vertex -11.225 20.5 41
    endloop
  endfacet
  facet normal 0.996937 0.0782025 0
    outer loop
      vertex -11.225 20.5 39
      vertex -11.2115 20.3279 41
      vertex -11.2115 20.3279 39
    endloop
  endfacet
  facet normal -0.0782116 -0.996937 0
    outer loop
      vertex -10.125 24.6 39
      vertex -9.95292 24.5865 41
      vertex -10.125 24.6 41
    endloop
  endfacet
  facet normal -0.0782116 -0.996937 -0
    outer loop
      vertex -9.95292 24.5865 41
      vertex -10.125 24.6 39
      vertex -9.95292 24.5865 39
    endloop
  endfacet
  facet normal 0.649598 -0.760278 0
    outer loop
      vertex -10.9028 24.2778 39
      vertex -10.7716 24.3899 41
      vertex -10.9028 24.2778 41
    endloop
  endfacet
  facet normal 0.649598 -0.760278 0
    outer loop
      vertex -10.7716 24.3899 41
      vertex -10.9028 24.2778 39
      vertex -10.7716 24.3899 39
    endloop
  endfacet
  facet normal 0.760278 -0.649598 0
    outer loop
      vertex -11.0149 24.1466 41
      vertex -10.9028 24.2778 39
      vertex -10.9028 24.2778 41
    endloop
  endfacet
  facet normal 0.760278 -0.649598 0
    outer loop
      vertex -10.9028 24.2778 39
      vertex -11.0149 24.1466 41
      vertex -11.0149 24.1466 39
    endloop
  endfacet
  facet normal 0.233526 0.97235 -0
    outer loop
      vertex -10.2971 19.4135 39
      vertex -10.4649 19.4538 41
      vertex -10.2971 19.4135 41
    endloop
  endfacet
  facet normal 0.233526 0.97235 0
    outer loop
      vertex -10.4649 19.4538 41
      vertex -10.2971 19.4135 39
      vertex -10.4649 19.4538 39
    endloop
  endfacet
  facet normal -0.233474 0.972363 0
    outer loop
      vertex -9.78508 19.4538 39
      vertex -9.95292 19.4135 41
      vertex -9.78508 19.4538 41
    endloop
  endfacet
  facet normal -0.233474 0.972363 0
    outer loop
      vertex -9.95292 19.4135 41
      vertex -9.78508 19.4538 39
      vertex -9.95292 19.4135 39
    endloop
  endfacet
  facet normal -0.852677 -0.522438 0
    outer loop
      vertex -9.14489 23.9994 39
      vertex -9.23508 24.1466 41
      vertex -9.23508 24.1466 39
    endloop
  endfacet
  facet normal -0.852677 -0.522438 0
    outer loop
      vertex -9.23508 24.1466 41
      vertex -9.14489 23.9994 39
      vertex -9.14489 23.9994 41
    endloop
  endfacet
  facet normal 0.923812 -0.382846 0
    outer loop
      vertex -11.1712 23.8399 41
      vertex -11.1051 23.9994 39
      vertex -11.1051 23.9994 41
    endloop
  endfacet
  facet normal 0.923812 -0.382846 0
    outer loop
      vertex -11.1051 23.9994 39
      vertex -11.1712 23.8399 41
      vertex -11.1712 23.8399 39
    endloop
  endfacet
  facet normal -0.97235 -0.233526 0
    outer loop
      vertex -9.03854 23.6721 39
      vertex -9.07884 23.8399 41
      vertex -9.07884 23.8399 39
    endloop
  endfacet
  facet normal -0.97235 -0.233526 0
    outer loop
      vertex -9.07884 23.8399 41
      vertex -9.03854 23.6721 39
      vertex -9.03854 23.6721 41
    endloop
  endfacet
  facet normal 0.0782025 0.996937 -0
    outer loop
      vertex -10.125 19.4 39
      vertex -10.2971 19.4135 41
      vertex -10.125 19.4 41
    endloop
  endfacet
  facet normal 0.0782025 0.996937 0
    outer loop
      vertex -10.2971 19.4135 41
      vertex -10.125 19.4 39
      vertex -10.2971 19.4135 39
    endloop
  endfacet
  facet normal -0.382908 0.923787 0
    outer loop
      vertex -9.62561 19.5199 39
      vertex -9.78508 19.4538 41
      vertex -9.62561 19.5199 41
    endloop
  endfacet
  facet normal -0.382908 0.923787 0
    outer loop
      vertex -9.78508 19.4538 41
      vertex -9.62561 19.5199 39
      vertex -9.78508 19.4538 39
    endloop
  endfacet
  facet normal -0.522558 0.852604 0
    outer loop
      vertex -9.47844 19.6101 39
      vertex -9.62561 19.5199 41
      vertex -9.47844 19.6101 41
    endloop
  endfacet
  facet normal -0.522558 0.852604 0
    outer loop
      vertex -9.62561 19.5199 41
      vertex -9.47844 19.6101 39
      vertex -9.62561 19.5199 39
    endloop
  endfacet
  facet normal -0.996919 -0.0784328 0
    outer loop
      vertex -9.025 23.5 39
      vertex -9.03854 23.6721 41
      vertex -9.03854 23.6721 39
    endloop
  endfacet
  facet normal -0.996919 -0.0784328 0
    outer loop
      vertex -9.03854 23.6721 41
      vertex -9.025 23.5 39
      vertex -9.025 23.5 41
    endloop
  endfacet
  facet normal 0.522481 0.852651 -0
    outer loop
      vertex -10.6244 19.5199 39
      vertex -10.7716 19.6101 41
      vertex -10.6244 19.5199 41
    endloop
  endfacet
  facet normal 0.522481 0.852651 0
    outer loop
      vertex -10.7716 19.6101 41
      vertex -10.6244 19.5199 39
      vertex -10.7716 19.6101 39
    endloop
  endfacet
  facet normal -0.0782025 0.996937 0
    outer loop
      vertex 10.2971 19.4135 39
      vertex 10.125 19.4 41
      vertex 10.2971 19.4135 41
    endloop
  endfacet
  facet normal -0.0782025 0.996937 0
    outer loop
      vertex 10.125 19.4 41
      vertex 10.2971 19.4135 39
      vertex 10.125 19.4 39
    endloop
  endfacet
  facet normal -0.522481 0.852651 0
    outer loop
      vertex 10.7716 19.6101 39
      vertex 10.6244 19.5199 41
      vertex 10.7716 19.6101 41
    endloop
  endfacet
  facet normal -0.522481 0.852651 0
    outer loop
      vertex 10.6244 19.5199 41
      vertex 10.7716 19.6101 39
      vertex 10.6244 19.5199 39
    endloop
  endfacet
  facet normal 1 -0 0
    outer loop
      vertex 9.025 20.5 41
      vertex 9.025 23.5 39
      vertex 9.025 23.5 41
    endloop
  endfacet
  facet normal 1 0 0
    outer loop
      vertex 9.025 23.5 39
      vertex 9.025 20.5 41
      vertex 9.025 20.5 39
    endloop
  endfacet
  facet normal -1 0 0
    outer loop
      vertex 11.225 20.5 39
      vertex 11.225 23.5 41
      vertex 11.225 23.5 39
    endloop
  endfacet
  facet normal -1 -0 0
    outer loop
      vertex 11.225 23.5 41
      vertex 11.225 20.5 39
      vertex 11.225 20.5 41
    endloop
  endfacet
  facet normal -0.760278 0.649598 0
    outer loop
      vertex 10.9028 19.7222 39
      vertex 11.0149 19.8534 41
      vertex 11.0149 19.8534 39
    endloop
  endfacet
  facet normal -0.760278 0.649598 0
    outer loop
      vertex 11.0149 19.8534 41
      vertex 10.9028 19.7222 39
      vertex 10.9028 19.7222 41
    endloop
  endfacet
  facet normal 0.0782116 -0.996937 0
    outer loop
      vertex 9.95292 24.5865 39
      vertex 10.125 24.6 41
      vertex 9.95292 24.5865 41
    endloop
  endfacet
  facet normal 0.0782116 -0.996937 0
    outer loop
      vertex 10.125 24.6 41
      vertex 9.95292 24.5865 39
      vertex 10.125 24.6 39
    endloop
  endfacet
  facet normal -0.649598 0.760278 0
    outer loop
      vertex 10.9028 19.7222 39
      vertex 10.7716 19.6101 41
      vertex 10.9028 19.7222 41
    endloop
  endfacet
  facet normal -0.649598 0.760278 0
    outer loop
      vertex 10.7716 19.6101 41
      vertex 10.9028 19.7222 39
      vertex 10.7716 19.6101 39
    endloop
  endfacet
  facet normal 0.760278 0.649598 0
    outer loop
      vertex 9.34718 19.7222 41
      vertex 9.23508 19.8534 39
      vertex 9.23508 19.8534 41
    endloop
  endfacet
  facet normal 0.760278 0.649598 0
    outer loop
      vertex 9.23508 19.8534 39
      vertex 9.34718 19.7222 41
      vertex 9.34718 19.7222 39
    endloop
  endfacet
  facet normal -0.233526 -0.97235 0
    outer loop
      vertex 10.2971 24.5865 39
      vertex 10.4649 24.5462 41
      vertex 10.2971 24.5865 41
    endloop
  endfacet
  facet normal -0.233526 -0.97235 -0
    outer loop
      vertex 10.4649 24.5462 41
      vertex 10.2971 24.5865 39
      vertex 10.4649 24.5462 39
    endloop
  endfacet
  facet normal -0.996937 0.0782025 0
    outer loop
      vertex 11.2115 20.3279 39
      vertex 11.225 20.5 41
      vertex 11.225 20.5 39
    endloop
  endfacet
  facet normal -0.996937 0.0782025 0
    outer loop
      vertex 11.225 20.5 41
      vertex 11.2115 20.3279 39
      vertex 11.2115 20.3279 41
    endloop
  endfacet
  facet normal 0.0782116 0.996937 -0
    outer loop
      vertex 10.125 19.4 39
      vertex 9.95292 19.4135 41
      vertex 10.125 19.4 41
    endloop
  endfacet
  facet normal 0.0782116 0.996937 0
    outer loop
      vertex 9.95292 19.4135 41
      vertex 10.125 19.4 39
      vertex 9.95292 19.4135 39
    endloop
  endfacet
  facet normal 0.233474 0.972363 -0
    outer loop
      vertex 9.95292 19.4135 39
      vertex 9.78508 19.4538 41
      vertex 9.95292 19.4135 41
    endloop
  endfacet
  facet normal 0.233474 0.972363 0
    outer loop
      vertex 9.78508 19.4538 41
      vertex 9.95292 19.4135 39
      vertex 9.78508 19.4538 39
    endloop
  endfacet
  facet normal 0.996919 0.0784328 0
    outer loop
      vertex 9.03854 20.3279 41
      vertex 9.025 20.5 39
      vertex 9.025 20.5 41
    endloop
  endfacet
  facet normal 0.996919 0.0784328 0
    outer loop
      vertex 9.025 20.5 39
      vertex 9.03854 20.3279 41
      vertex 9.03854 20.3279 39
    endloop
  endfacet
  facet normal 0.233474 -0.972363 0
    outer loop
      vertex 9.78508 24.5462 39
      vertex 9.95292 24.5865 41
      vertex 9.78508 24.5462 41
    endloop
  endfacet
  facet normal 0.233474 -0.972363 0
    outer loop
      vertex 9.95292 24.5865 41
      vertex 9.78508 24.5462 39
      vertex 9.95292 24.5865 39
    endloop
  endfacet
  facet normal -0.97235 0.233526 0
    outer loop
      vertex 11.1712 20.1601 39
      vertex 11.2115 20.3279 41
      vertex 11.2115 20.3279 39
    endloop
  endfacet
  facet normal -0.97235 0.233526 0
    outer loop
      vertex 11.2115 20.3279 41
      vertex 11.1712 20.1601 39
      vertex 11.1712 20.1601 41
    endloop
  endfacet
  facet normal 0.382908 -0.923787 0
    outer loop
      vertex 9.62561 24.4801 39
      vertex 9.78508 24.5462 41
      vertex 9.62561 24.4801 41
    endloop
  endfacet
  facet normal 0.382908 -0.923787 0
    outer loop
      vertex 9.78508 24.5462 41
      vertex 9.62561 24.4801 39
      vertex 9.78508 24.5462 39
    endloop
  endfacet
  facet normal -0.233526 0.97235 0
    outer loop
      vertex 10.4649 19.4538 39
      vertex 10.2971 19.4135 41
      vertex 10.4649 19.4538 41
    endloop
  endfacet
  facet normal -0.233526 0.97235 0
    outer loop
      vertex 10.2971 19.4135 41
      vertex 10.4649 19.4538 39
      vertex 10.2971 19.4135 39
    endloop
  endfacet
  facet normal -0.382846 0.923812 0
    outer loop
      vertex 10.6244 19.5199 39
      vertex 10.4649 19.4538 41
      vertex 10.6244 19.5199 41
    endloop
  endfacet
  facet normal -0.382846 0.923812 0
    outer loop
      vertex 10.4649 19.4538 41
      vertex 10.6244 19.5199 39
      vertex 10.4649 19.4538 39
    endloop
  endfacet
  facet normal 0.996919 -0.0784328 0
    outer loop
      vertex 9.025 23.5 41
      vertex 9.03854 23.6721 39
      vertex 9.03854 23.6721 41
    endloop
  endfacet
  facet normal 0.996919 -0.0784328 0
    outer loop
      vertex 9.03854 23.6721 39
      vertex 9.025 23.5 41
      vertex 9.025 23.5 39
    endloop
  endfacet
  facet normal 0.97235 -0.233526 0
    outer loop
      vertex 9.03854 23.6721 41
      vertex 9.07884 23.8399 39
      vertex 9.07884 23.8399 41
    endloop
  endfacet
  facet normal 0.97235 -0.233526 0
    outer loop
      vertex 9.07884 23.8399 39
      vertex 9.03854 23.6721 41
      vertex 9.03854 23.6721 39
    endloop
  endfacet
  facet normal 0.97235 0.233526 0
    outer loop
      vertex 9.07884 20.1601 41
      vertex 9.03854 20.3279 39
      vertex 9.03854 20.3279 41
    endloop
  endfacet
  facet normal 0.97235 0.233526 0
    outer loop
      vertex 9.03854 20.3279 39
      vertex 9.07884 20.1601 41
      vertex 9.07884 20.1601 39
    endloop
  endfacet
  facet normal 0.649426 0.760425 -0
    outer loop
      vertex 9.47844 19.6101 39
      vertex 9.34718 19.7222 41
      vertex 9.47844 19.6101 41
    endloop
  endfacet
  facet normal 0.649426 0.760425 0
    outer loop
      vertex 9.34718 19.7222 41
      vertex 9.47844 19.6101 39
      vertex 9.34718 19.7222 39
    endloop
  endfacet
  facet normal 0.649426 -0.760425 0
    outer loop
      vertex 9.34718 24.2778 39
      vertex 9.47844 24.3899 41
      vertex 9.34718 24.2778 41
    endloop
  endfacet
  facet normal 0.649426 -0.760425 0
    outer loop
      vertex 9.47844 24.3899 41
      vertex 9.34718 24.2778 39
      vertex 9.47844 24.3899 39
    endloop
  endfacet
  facet normal -0.382846 -0.923812 0
    outer loop
      vertex 10.4649 24.5462 39
      vertex 10.6244 24.4801 41
      vertex 10.4649 24.5462 41
    endloop
  endfacet
  facet normal -0.382846 -0.923812 -0
    outer loop
      vertex 10.6244 24.4801 41
      vertex 10.4649 24.5462 39
      vertex 10.6244 24.4801 39
    endloop
  endfacet
  facet normal 0.923914 0.382599 0
    outer loop
      vertex 9.14489 20.0006 41
      vertex 9.07884 20.1601 39
      vertex 9.07884 20.1601 41
    endloop
  endfacet
  facet normal 0.923914 0.382599 0
    outer loop
      vertex 9.07884 20.1601 39
      vertex 9.14489 20.0006 41
      vertex 9.14489 20.0006 39
    endloop
  endfacet
  facet normal -0.852651 0.522481 0
    outer loop
      vertex 11.0149 19.8534 39
      vertex 11.1051 20.0006 41
      vertex 11.1051 20.0006 39
    endloop
  endfacet
  facet normal -0.852651 0.522481 0
    outer loop
      vertex 11.1051 20.0006 41
      vertex 11.0149 19.8534 39
      vertex 11.0149 19.8534 41
    endloop
  endfacet
  facet normal 0.522558 0.852604 -0
    outer loop
      vertex 9.62561 19.5199 39
      vertex 9.47844 19.6101 41
      vertex 9.62561 19.5199 41
    endloop
  endfacet
  facet normal 0.522558 0.852604 0
    outer loop
      vertex 9.47844 19.6101 41
      vertex 9.62561 19.5199 39
      vertex 9.47844 19.6101 39
    endloop
  endfacet
  facet normal -0.923812 0.382846 0
    outer loop
      vertex 11.1051 20.0006 39
      vertex 11.1712 20.1601 41
      vertex 11.1712 20.1601 39
    endloop
  endfacet
  facet normal -0.923812 0.382846 0
    outer loop
      vertex 11.1712 20.1601 41
      vertex 11.1051 20.0006 39
      vertex 11.1051 20.0006 41
    endloop
  endfacet
  facet normal -0.649598 -0.760278 0
    outer loop
      vertex 10.7716 24.3899 39
      vertex 10.9028 24.2778 41
      vertex 10.7716 24.3899 41
    endloop
  endfacet
  facet normal -0.649598 -0.760278 -0
    outer loop
      vertex 10.9028 24.2778 41
      vertex 10.7716 24.3899 39
      vertex 10.9028 24.2778 39
    endloop
  endfacet
  facet normal 0.760278 -0.649598 0
    outer loop
      vertex 9.23508 24.1466 41
      vertex 9.34718 24.2778 39
      vertex 9.34718 24.2778 41
    endloop
  endfacet
  facet normal 0.760278 -0.649598 0
    outer loop
      vertex 9.34718 24.2778 39
      vertex 9.23508 24.1466 41
      vertex 9.23508 24.1466 39
    endloop
  endfacet
  facet normal -0.0782025 -0.996937 0
    outer loop
      vertex 10.125 24.6 39
      vertex 10.2971 24.5865 41
      vertex 10.125 24.6 41
    endloop
  endfacet
  facet normal -0.0782025 -0.996937 -0
    outer loop
      vertex 10.2971 24.5865 41
      vertex 10.125 24.6 39
      vertex 10.2971 24.5865 39
    endloop
  endfacet
  facet normal -0.760278 -0.649598 0
    outer loop
      vertex 11.0149 24.1466 39
      vertex 10.9028 24.2778 41
      vertex 10.9028 24.2778 39
    endloop
  endfacet
  facet normal -0.760278 -0.649598 0
    outer loop
      vertex 10.9028 24.2778 41
      vertex 11.0149 24.1466 39
      vertex 11.0149 24.1466 41
    endloop
  endfacet
  facet normal 0.852677 -0.522438 0
    outer loop
      vertex 9.14489 23.9994 41
      vertex 9.23508 24.1466 39
      vertex 9.23508 24.1466 41
    endloop
  endfacet
  facet normal 0.852677 -0.522438 0
    outer loop
      vertex 9.23508 24.1466 39
      vertex 9.14489 23.9994 41
      vertex 9.14489 23.9994 39
    endloop
  endfacet
  facet normal -0.923812 -0.382846 0
    outer loop
      vertex 11.1712 23.8399 39
      vertex 11.1051 23.9994 41
      vertex 11.1051 23.9994 39
    endloop
  endfacet
  facet normal -0.923812 -0.382846 0
    outer loop
      vertex 11.1051 23.9994 41
      vertex 11.1712 23.8399 39
      vertex 11.1712 23.8399 41
    endloop
  endfacet
  facet normal -0.852651 -0.522481 0
    outer loop
      vertex 11.1051 23.9994 39
      vertex 11.0149 24.1466 41
      vertex 11.0149 24.1466 39
    endloop
  endfacet
  facet normal -0.852651 -0.522481 0
    outer loop
      vertex 11.0149 24.1466 41
      vertex 11.1051 23.9994 39
      vertex 11.1051 23.9994 41
    endloop
  endfacet
  facet normal -0.97235 -0.233526 0
    outer loop
      vertex 11.2115 23.6721 39
      vertex 11.1712 23.8399 41
      vertex 11.1712 23.8399 39
    endloop
  endfacet
  facet normal -0.97235 -0.233526 0
    outer loop
      vertex 11.1712 23.8399 41
      vertex 11.2115 23.6721 39
      vertex 11.2115 23.6721 41
    endloop
  endfacet
  facet normal -0.522481 -0.852651 0
    outer loop
      vertex 10.6244 24.4801 39
      vertex 10.7716 24.3899 41
      vertex 10.6244 24.4801 41
    endloop
  endfacet
  facet normal -0.522481 -0.852651 -0
    outer loop
      vertex 10.7716 24.3899 41
      vertex 10.6244 24.4801 39
      vertex 10.7716 24.3899 39
    endloop
  endfacet
  facet normal 0.522558 -0.852604 0
    outer loop
      vertex 9.47844 24.3899 39
      vertex 9.62561 24.4801 41
      vertex 9.47844 24.3899 41
    endloop
  endfacet
  facet normal 0.522558 -0.852604 0
    outer loop
      vertex 9.62561 24.4801 41
      vertex 9.47844 24.3899 39
      vertex 9.62561 24.4801 39
    endloop
  endfacet
  facet normal 0.852677 0.522438 0
    outer loop
      vertex 9.23508 19.8534 41
      vertex 9.14489 20.0006 39
      vertex 9.14489 20.0006 41
    endloop
  endfacet
  facet normal 0.852677 0.522438 0
    outer loop
      vertex 9.14489 20.0006 39
      vertex 9.23508 19.8534 41
      vertex 9.23508 19.8534 39
    endloop
  endfacet
  facet normal -0.996937 -0.0782025 0
    outer loop
      vertex 11.225 23.5 39
      vertex 11.2115 23.6721 41
      vertex 11.2115 23.6721 39
    endloop
  endfacet
  facet normal -0.996937 -0.0782025 0
    outer loop
      vertex 11.2115 23.6721 41
      vertex 11.225 23.5 39
      vertex 11.225 23.5 41
    endloop
  endfacet
  facet normal 0.923914 -0.382599 0
    outer loop
      vertex 9.07884 23.8399 41
      vertex 9.14489 23.9994 39
      vertex 9.14489 23.9994 41
    endloop
  endfacet
  facet normal 0.923914 -0.382599 0
    outer loop
      vertex 9.14489 23.9994 39
      vertex 9.07884 23.8399 41
      vertex 9.07884 23.8399 39
    endloop
  endfacet
  facet normal 0.382908 0.923787 -0
    outer loop
      vertex 9.78508 19.4538 39
      vertex 9.62561 19.5199 41
      vertex 9.78508 19.4538 41
    endloop
  endfacet
  facet normal 0.382908 0.923787 0
    outer loop
      vertex 9.62561 19.5199 41
      vertex 9.78508 19.4538 39
      vertex 9.62561 19.5199 39
    endloop
  endfacet
  facet normal 0 1 0
    outer loop
      vertex 22 2.5 39.01
      vertex 20 2.5 12
      vertex 20 2.5 39.01
    endloop
  endfacet
  facet normal 0 1 0
    outer loop
      vertex 22 2.5 8
      vertex 17 2.5 12
      vertex 20 2.5 12
    endloop
  endfacet
  facet normal 0 1 0
    outer loop
      vertex 17 2.5 12
      vertex 14.5 2.5 8
      vertex -17 2.5 12
    endloop
  endfacet
  facet normal 0 1 0
    outer loop
      vertex 17 2.5 12
      vertex 22 2.5 8
      vertex 14.5 2.5 8
    endloop
  endfacet
  facet normal 0 1 -0
    outer loop
      vertex 22 2.5 8
      vertex 20 2.5 12
      vertex 22 2.5 39.01
    endloop
  endfacet
  facet normal 0 1 0
    outer loop
      vertex 17 2.5 39
      vertex 16 2.5 34
      vertex 16 2.5 39
    endloop
  endfacet
  facet normal 0 1 0
    outer loop
      vertex 16 2.5 34
      vertex 15.0194 2.5 28
      vertex 15.0194 2.5 34
    endloop
  endfacet
  facet normal 0 1 -0
    outer loop
      vertex 17 2.5 12
      vertex 16 2.5 34
      vertex 17 2.5 39
    endloop
  endfacet
  facet normal 0 1 0
    outer loop
      vertex 17 2.5 12
      vertex 11.9806 2.5 28
      vertex 15.0194 2.5 28
    endloop
  endfacet
  facet normal 0 1 0
    outer loop
      vertex 11.9806 2.5 28
      vertex 17 2.5 12
      vertex -11.9806 2.5 28
    endloop
  endfacet
  facet normal 0 1 0
    outer loop
      vertex -17 2.5 12
      vertex -11.9806 2.5 28
      vertex 17 2.5 12
    endloop
  endfacet
  facet normal 0 1 0
    outer loop
      vertex 16 2.5 34
      vertex 17 2.5 12
      vertex 15.0194 2.5 28
    endloop
  endfacet
  facet normal 0 1 -0
    outer loop
      vertex 11.9806 2.5 28
      vertex 11 2.5 34
      vertex 11.9806 2.5 34
    endloop
  endfacet
  facet normal 0 1 0
    outer loop
      vertex 11 2.5 34
      vertex 11.9806 2.5 28
      vertex -11 2.5 34
    endloop
  endfacet
  facet normal 0 1 0
    outer loop
      vertex -11.9806 2.5 28
      vertex -11 2.5 34
      vertex 11.9806 2.5 28
    endloop
  endfacet
  facet normal 0 1 0
    outer loop
      vertex -11 2.5 34
      vertex -11.9806 2.5 28
      vertex -11.9806 2.5 34
    endloop
  endfacet
  facet normal 0 1 -0
    outer loop
      vertex 11 2.5 34
      vertex -11 2.5 39
      vertex 11 2.5 39
    endloop
  endfacet
  facet normal 0 1 0
    outer loop
      vertex -11 2.5 39
      vertex 11 2.5 34
      vertex -11 2.5 34
    endloop
  endfacet
  facet normal 0 1 0
    outer loop
      vertex -15.0194 2.5 34
      vertex -15.0194 2.5 28
      vertex -16 2.5 34
    endloop
  endfacet
  facet normal 0 1 -0
    outer loop
      vertex -16 2.5 34
      vertex -17 2.5 39
      vertex -16 2.5 39
    endloop
  endfacet
  facet normal 0 1 0
    outer loop
      vertex -17 2.5 12
      vertex -16 2.5 34
      vertex -15.0194 2.5 28
    endloop
  endfacet
  facet normal 0 1 0
    outer loop
      vertex -16 2.5 34
      vertex -17 2.5 12
      vertex -17 2.5 39
    endloop
  endfacet
  facet normal 0 1 0
    outer loop
      vertex -11.9806 2.5 28
      vertex -17 2.5 12
      vertex -15.0194 2.5 28
    endloop
  endfacet
  facet normal 0 1 -0
    outer loop
      vertex -20 2.5 12
      vertex -22 2.5 39.01
      vertex -20 2.5 39.01
    endloop
  endfacet
  facet normal 0 1 -0
    outer loop
      vertex -14.5 2.5 8
      vertex -17 2.5 12
      vertex 14.5 2.5 8
    endloop
  endfacet
  facet normal 0 1 0
    outer loop
      vertex -22 2.5 8
      vertex -17 2.5 12
      vertex -14.5 2.5 8
    endloop
  endfacet
  facet normal 0 1 0
    outer loop
      vertex -20 2.5 12
      vertex -22 2.5 8
      vertex -22 2.5 39.01
    endloop
  endfacet
  facet normal 0 1 0
    outer loop
      vertex -17 2.5 12
      vertex -22 2.5 8
      vertex -20 2.5 12
    endloop
  endfacet
  facet normal 0 1 -0
    outer loop
      vertex 14.5 2.5 5.5
      vertex -14.5 2.5 8
      vertex 14.5 2.5 8
    endloop
  endfacet
  facet normal 0 1 0
    outer loop
      vertex -14.5 2.5 8
      vertex 14.5 2.5 5.5
      vertex -14.5 2.5 5.5
    endloop
  endfacet
  facet normal 0 0.972224 -0.234054
    outer loop
      vertex -17 2.5 12
      vertex -20 9 39
      vertex -17 9 39
    endloop
  endfacet
  facet normal 0 0.972224 -0.234054
    outer loop
      vertex -20 9 39
      vertex -17 2.5 12
      vertex -20 2.5 12
    endloop
  endfacet
  facet normal 1 -0 0
    outer loop
      vertex -17 2.5 39
      vertex -17 2.5 12
      vertex -17 9 39
    endloop
  endfacet
  facet normal -1 -0 0
    outer loop
      vertex 17 9 39
      vertex 17 2.5 12
      vertex 17 2.5 39
    endloop
  endfacet
  facet normal 0 0.972224 -0.234054
    outer loop
      vertex 20 2.5 12
      vertex 17 9 39
      vertex 20 9 39
    endloop
  endfacet
  facet normal 0 0.972224 -0.234054
    outer loop
      vertex 17 9 39
      vertex 20 2.5 12
      vertex 17 2.5 12
    endloop
  endfacet
  facet normal 1 0 0
    outer loop
      vertex 22 2.5 39.01
      vertex 22 0 39.01
      vertex 22 2.5 8
    endloop
  endfacet
  facet normal 1 -0 0
    outer loop
      vertex 22 2.5 8
      vertex 22 14.5 5.5
      vertex 22 14.5 8
    endloop
  endfacet
  facet normal 1 0 0
    outer loop
      vertex 22 2.5 8
      vertex 22 0 5.5
      vertex 22 14.5 5.5
    endloop
  endfacet
  facet normal 1 0 0
    outer loop
      vertex 22 0 5.5
      vertex 22 2.5 8
      vertex 22 0 39.01
    endloop
  endfacet
  facet normal -0 0 1
    outer loop
      vertex -22 2.5 39.01
      vertex -20 0 39.01
      vertex -20 2.5 39.01
    endloop
  endfacet
  facet normal 0 0 1
    outer loop
      vertex -20 0 39.01
      vertex -22 2.5 39.01
      vertex -22 0 39.01
    endloop
  endfacet
  facet normal -0 0 1
    outer loop
      vertex 20 2.5 39.01
      vertex 22 0 39.01
      vertex 22 2.5 39.01
    endloop
  endfacet
  facet normal 0 0 1
    outer loop
      vertex 22 0 39.01
      vertex 20 2.5 39.01
      vertex 20 0 39.01
    endloop
  endfacet
  facet normal 0 0 -1
    outer loop
      vertex 22 0 5.5
      vertex 18.85 7.5 5.5
      vertex 22 14.5 5.5
    endloop
  endfacet
  facet normal 0 0 -1
    outer loop
      vertex 22 0 5.5
      vertex 18.8395 7.36703 5.5
      vertex 18.85 7.5 5.5
    endloop
  endfacet
  facet normal 0 0 -1
    outer loop
      vertex 22 0 5.5
      vertex 18.8084 7.23734 5.5
      vertex 18.8395 7.36703 5.5
    endloop
  endfacet
  facet normal 0 0 -1
    outer loop
      vertex 22 0 5.5
      vertex 18.7574 7.11411 5.5
      vertex 18.8084 7.23734 5.5
    endloop
  endfacet
  facet normal 0 0 -1
    outer loop
      vertex 22 0 5.5
      vertex 18.6877 7.00038 5.5
      vertex 18.7574 7.11411 5.5
    endloop
  endfacet
  facet normal 0 0 -1
    outer loop
      vertex 22 0 5.5
      vertex 18.601 6.89896 5.5
      vertex 18.6877 7.00038 5.5
    endloop
  endfacet
  facet normal 0 0 -1
    outer loop
      vertex 22 0 5.5
      vertex 18.4996 6.81234 5.5
      vertex 18.601 6.89896 5.5
    endloop
  endfacet
  facet normal 0 0 -1
    outer loop
      vertex 22 0 5.5
      vertex 18.3859 6.74264 5.5
      vertex 18.4996 6.81234 5.5
    endloop
  endfacet
  facet normal 0 0 -1
    outer loop
      vertex 22 0 5.5
      vertex 18.2627 6.6916 5.5
      vertex 18.3859 6.74264 5.5
    endloop
  endfacet
  facet normal 0 0 -1
    outer loop
      vertex 22 0 5.5
      vertex 18.133 6.66046 5.5
      vertex 18.2627 6.6916 5.5
    endloop
  endfacet
  facet normal 0 0 -1
    outer loop
      vertex 14.5 2.5 5.5
      vertex 18.133 6.66046 5.5
      vertex 22 0 5.5
    endloop
  endfacet
  facet normal 0 0 -1
    outer loop
      vertex 18.133 6.66046 5.5
      vertex 14.5 2.5 5.5
      vertex 18 6.65 5.5
    endloop
  endfacet
  facet normal -0 0 -1
    outer loop
      vertex 18 6.65 5.5
      vertex 14.5 2.5 5.5
      vertex 17.867 6.66046 5.5
    endloop
  endfacet
  facet normal -0 0 -1
    outer loop
      vertex 17.867 6.66046 5.5
      vertex 14.5 2.5 5.5
      vertex 17.7373 6.6916 5.5
    endloop
  endfacet
  facet normal -0 0 -1
    outer loop
      vertex 17.7373 6.6916 5.5
      vertex 14.5 2.5 5.5
      vertex 17.6141 6.74264 5.5
    endloop
  endfacet
  facet normal -0 0 -1
    outer loop
      vertex 17.6141 6.74264 5.5
      vertex 14.5 2.5 5.5
      vertex 17.5004 6.81234 5.5
    endloop
  endfacet
  facet normal 0 0 -1
    outer loop
      vertex 14.5 6.8 5.5
      vertex 17.5004 6.81234 5.5
      vertex 14.5 2.5 5.5
    endloop
  endfacet
  facet normal -0 0 -1
    outer loop
      vertex 17.1916 7.23734 5.5
      vertex 14.5 6.8 5.5
      vertex 17.1605 7.36703 5.5
    endloop
  endfacet
  facet normal -0 0 -1
    outer loop
      vertex 17.2426 7.11411 5.5
      vertex 14.5 6.8 5.5
      vertex 17.1916 7.23734 5.5
    endloop
  endfacet
  facet normal -0 0 -1
    outer loop
      vertex 17.3123 7.00038 5.5
      vertex 14.5 6.8 5.5
      vertex 17.2426 7.11411 5.5
    endloop
  endfacet
  facet normal -0 0 -1
    outer loop
      vertex 17.399 6.89896 5.5
      vertex 14.5 6.8 5.5
      vertex 17.3123 7.00038 5.5
    endloop
  endfacet
  facet normal -0 0 -1
    outer loop
      vertex 17.5004 6.81234 5.5
      vertex 14.5 6.8 5.5
      vertex 17.399 6.89896 5.5
    endloop
  endfacet
  facet normal 0 0 -1
    outer loop
      vertex 22 0 5.5
      vertex -14.5 2.5 5.5
      vertex 14.5 2.5 5.5
    endloop
  endfacet
  facet normal 0 0 -1
    outer loop
      vertex -17.5004 6.81234 5.5
      vertex -14.5 6.8 5.5
      vertex -14.5 2.5 5.5
    endloop
  endfacet
  facet normal 0 0 -1
    outer loop
      vertex -14.5 6.8 5.5
      vertex -17.1605 7.36703 5.5
      vertex -17.15 7.5 5.5
    endloop
  endfacet
  facet normal 0 0 -1
    outer loop
      vertex -14.5 6.8 5.5
      vertex -17.1916 7.23734 5.5
      vertex -17.1605 7.36703 5.5
    endloop
  endfacet
  facet normal 0 0 -1
    outer loop
      vertex -14.5 6.8 5.5
      vertex -17.2426 7.11411 5.5
      vertex -17.1916 7.23734 5.5
    endloop
  endfacet
  facet normal 0 0 -1
    outer loop
      vertex -14.5 6.8 5.5
      vertex -17.3123 7.00038 5.5
      vertex -17.2426 7.11411 5.5
    endloop
  endfacet
  facet normal 0 0 -1
    outer loop
      vertex -14.5 6.8 5.5
      vertex -17.399 6.89896 5.5
      vertex -17.3123 7.00038 5.5
    endloop
  endfacet
  facet normal 0 0 -1
    outer loop
      vertex -14.5 6.8 5.5
      vertex -17.5004 6.81234 5.5
      vertex -17.399 6.89896 5.5
    endloop
  endfacet
  facet normal 0 0 -1
    outer loop
      vertex -14.5 2.5 5.5
      vertex -17.6141 6.74264 5.5
      vertex -17.5004 6.81234 5.5
    endloop
  endfacet
  facet normal 0 0 -1
    outer loop
      vertex -14.5 2.5 5.5
      vertex -17.7373 6.6916 5.5
      vertex -17.6141 6.74264 5.5
    endloop
  endfacet
  facet normal 0 0 -1
    outer loop
      vertex -14.5 2.5 5.5
      vertex -17.867 6.66046 5.5
      vertex -17.7373 6.6916 5.5
    endloop
  endfacet
  facet normal 0 0 -1
    outer loop
      vertex -14.5 2.5 5.5
      vertex -18 6.65 5.5
      vertex -17.867 6.66046 5.5
    endloop
  endfacet
  facet normal 0 0 -1
    outer loop
      vertex -14.5 2.5 5.5
      vertex -18.133 6.66046 5.5
      vertex -18 6.65 5.5
    endloop
  endfacet
  facet normal 0 0 -1
    outer loop
      vertex -22 0 5.5
      vertex -18.133 6.66046 5.5
      vertex -14.5 2.5 5.5
    endloop
  endfacet
  facet normal -0 0 -1
    outer loop
      vertex -18.133 6.66046 5.5
      vertex -22 0 5.5
      vertex -18.2627 6.6916 5.5
    endloop
  endfacet
  facet normal -0 0 -1
    outer loop
      vertex -18.2627 6.6916 5.5
      vertex -22 0 5.5
      vertex -18.3859 6.74264 5.5
    endloop
  endfacet
  facet normal -0 0 -1
    outer loop
      vertex -18.3859 6.74264 5.5
      vertex -22 0 5.5
      vertex -18.4996 6.81234 5.5
    endloop
  endfacet
  facet normal -0 0 -1
    outer loop
      vertex -18.8395 7.36703 5.5
      vertex -22 0 5.5
      vertex -18.85 7.5 5.5
    endloop
  endfacet
  facet normal -0 0 -1
    outer loop
      vertex -18.8084 7.23734 5.5
      vertex -22 0 5.5
      vertex -18.8395 7.36703 5.5
    endloop
  endfacet
  facet normal -0 0 -1
    outer loop
      vertex -18.7574 7.11411 5.5
      vertex -22 0 5.5
      vertex -18.8084 7.23734 5.5
    endloop
  endfacet
  facet normal -0 0 -1
    outer loop
      vertex -18.6877 7.00038 5.5
      vertex -22 0 5.5
      vertex -18.7574 7.11411 5.5
    endloop
  endfacet
  facet normal -0 0 -1
    outer loop
      vertex -18.601 6.89896 5.5
      vertex -22 0 5.5
      vertex -18.6877 7.00038 5.5
    endloop
  endfacet
  facet normal -0 0 -1
    outer loop
      vertex -18.4996 6.81234 5.5
      vertex -22 0 5.5
      vertex -18.601 6.89896 5.5
    endloop
  endfacet
  facet normal 0 0 -1
    outer loop
      vertex -22 0 5.5
      vertex -14.5 2.5 5.5
      vertex 22 0 5.5
    endloop
  endfacet
  facet normal 0 0 -1
    outer loop
      vertex 18.8395 7.63297 5.5
      vertex 22 14.5 5.5
      vertex 18.85 7.5 5.5
    endloop
  endfacet
  facet normal 0 0 -1
    outer loop
      vertex 18.8084 7.76266 5.5
      vertex 22 14.5 5.5
      vertex 18.8395 7.63297 5.5
    endloop
  endfacet
  facet normal 0 0 -1
    outer loop
      vertex 18.7574 7.88589 5.5
      vertex 22 14.5 5.5
      vertex 18.8084 7.76266 5.5
    endloop
  endfacet
  facet normal 0 0 -1
    outer loop
      vertex 18.6877 7.99962 5.5
      vertex 22 14.5 5.5
      vertex 18.7574 7.88589 5.5
    endloop
  endfacet
  facet normal 0 0 -1
    outer loop
      vertex 18.601 8.10104 5.5
      vertex 22 14.5 5.5
      vertex 18.6877 7.99962 5.5
    endloop
  endfacet
  facet normal 0 0 -1
    outer loop
      vertex 18.4996 8.18766 5.5
      vertex 22 14.5 5.5
      vertex 18.601 8.10104 5.5
    endloop
  endfacet
  facet normal 0 0 -1
    outer loop
      vertex 18.3859 8.25735 5.5
      vertex 22 14.5 5.5
      vertex 18.4996 8.18766 5.5
    endloop
  endfacet
  facet normal 0 0 -1
    outer loop
      vertex 18.2627 8.3084 5.5
      vertex 22 14.5 5.5
      vertex 18.3859 8.25735 5.5
    endloop
  endfacet
  facet normal 0 0 -1
    outer loop
      vertex 18.133 8.33953 5.5
      vertex 22 14.5 5.5
      vertex 18.2627 8.3084 5.5
    endloop
  endfacet
  facet normal 0 0 -1
    outer loop
      vertex 18 8.35 5.5
      vertex 22 14.5 5.5
      vertex 18.133 8.33953 5.5
    endloop
  endfacet
  facet normal 0 0 -1
    outer loop
      vertex 17.867 8.33953 5.5
      vertex 22 14.5 5.5
      vertex 18 8.35 5.5
    endloop
  endfacet
  facet normal 0 0 -1
    outer loop
      vertex 17.7373 8.3084 5.5
      vertex 22 14.5 5.5
      vertex 17.867 8.33953 5.5
    endloop
  endfacet
  facet normal 0 0 -1
    outer loop
      vertex 17.6141 8.25735 5.5
      vertex 22 14.5 5.5
      vertex 17.7373 8.3084 5.5
    endloop
  endfacet
  facet normal 0 0 -1
    outer loop
      vertex 17.5004 8.18766 5.5
      vertex 22 14.5 5.5
      vertex 17.6141 8.25735 5.5
    endloop
  endfacet
  facet normal 0 0 -1
    outer loop
      vertex 14.5 6.8 5.5
      vertex 17.5004 8.18766 5.5
      vertex 17.399 8.10104 5.5
    endloop
  endfacet
  facet normal 0 0 -1
    outer loop
      vertex 14.5 6.8 5.5
      vertex 17.399 8.10104 5.5
      vertex 17.3123 7.99962 5.5
    endloop
  endfacet
  facet normal -0 0 -1
    outer loop
      vertex 17.1605 7.36703 5.5
      vertex 14.5 6.8 5.5
      vertex 17.15 7.5 5.5
    endloop
  endfacet
  facet normal -0 0 -1
    outer loop
      vertex 17.15 7.5 5.5
      vertex 14.5 6.8 5.5
      vertex 17.1605 7.63297 5.5
    endloop
  endfacet
  facet normal -0 0 -1
    outer loop
      vertex 17.1605 7.63297 5.5
      vertex 14.5 6.8 5.5
      vertex 17.1916 7.76266 5.5
    endloop
  endfacet
  facet normal -0 0 -1
    outer loop
      vertex 17.1916 7.76266 5.5
      vertex 14.5 6.8 5.5
      vertex 17.2426 7.88589 5.5
    endloop
  endfacet
  facet normal 0 0 -1
    outer loop
      vertex 14.5 6.8 5.5
      vertex 17.3123 7.99962 5.5
      vertex 17.2426 7.88589 5.5
    endloop
  endfacet
  facet normal -0 0 -1
    outer loop
      vertex 17.5004 8.18766 5.5
      vertex 14.5 6.8 5.5
      vertex 22 14.5 5.5
    endloop
  endfacet
  facet normal 0 0 -1
    outer loop
      vertex -14.5 6.8 5.5
      vertex 22 14.5 5.5
      vertex 14.5 6.8 5.5
    endloop
  endfacet
  facet normal 0 0 -1
    outer loop
      vertex -17.1605 7.63297 5.5
      vertex -14.5 6.8 5.5
      vertex -17.15 7.5 5.5
    endloop
  endfacet
  facet normal 0 0 -1
    outer loop
      vertex -17.1916 7.76266 5.5
      vertex -14.5 6.8 5.5
      vertex -17.1605 7.63297 5.5
    endloop
  endfacet
  facet normal 0 0 -1
    outer loop
      vertex -17.2426 7.88589 5.5
      vertex -14.5 6.8 5.5
      vertex -17.1916 7.76266 5.5
    endloop
  endfacet
  facet normal 0 0 -1
    outer loop
      vertex -17.3123 7.99962 5.5
      vertex -14.5 6.8 5.5
      vertex -17.2426 7.88589 5.5
    endloop
  endfacet
  facet normal 0 0 -1
    outer loop
      vertex -17.399 8.10104 5.5
      vertex -14.5 6.8 5.5
      vertex -17.3123 7.99962 5.5
    endloop
  endfacet
  facet normal 0 0 -1
    outer loop
      vertex -17.5004 8.18766 5.5
      vertex -14.5 6.8 5.5
      vertex -17.399 8.10104 5.5
    endloop
  endfacet
  facet normal 0 0 -1
    outer loop
      vertex -14.5 6.8 5.5
      vertex -17.5004 8.18766 5.5
      vertex -22 14.5 5.5
    endloop
  endfacet
  facet normal 0 0 -1
    outer loop
      vertex -22 14.5 5.5
      vertex -17.5004 8.18766 5.5
      vertex -17.6141 8.25735 5.5
    endloop
  endfacet
  facet normal 0 0 -1
    outer loop
      vertex -22 14.5 5.5
      vertex -17.6141 8.25735 5.5
      vertex -17.7373 8.3084 5.5
    endloop
  endfacet
  facet normal 0 0 -1
    outer loop
      vertex -22 14.5 5.5
      vertex -17.7373 8.3084 5.5
      vertex -17.867 8.33953 5.5
    endloop
  endfacet
  facet normal 0 0 -1
    outer loop
      vertex -22 14.5 5.5
      vertex -17.867 8.33953 5.5
      vertex -18 8.35 5.5
    endloop
  endfacet
  facet normal 0 0 -1
    outer loop
      vertex -22 14.5 5.5
      vertex -18 8.35 5.5
      vertex -18.133 8.33953 5.5
    endloop
  endfacet
  facet normal 0 0 -1
    outer loop
      vertex -22 14.5 5.5
      vertex -18.85 7.5 5.5
      vertex -22 0 5.5
    endloop
  endfacet
  facet normal 0 0 -1
    outer loop
      vertex -18.85 7.5 5.5
      vertex -22 14.5 5.5
      vertex -18.8395 7.63297 5.5
    endloop
  endfacet
  facet normal 0 0 -1
    outer loop
      vertex -14.5 6.8 5.5
      vertex -22 14.5 5.5
      vertex 22 14.5 5.5
    endloop
  endfacet
  facet normal 0 0 -1
    outer loop
      vertex -18.2627 8.3084 5.5
      vertex -22 14.5 5.5
      vertex -18.133 8.33953 5.5
    endloop
  endfacet
  facet normal 0 0 -1
    outer loop
      vertex -18.3859 8.25735 5.5
      vertex -22 14.5 5.5
      vertex -18.2627 8.3084 5.5
    endloop
  endfacet
  facet normal 0 0 -1
    outer loop
      vertex -18.4996 8.18766 5.5
      vertex -22 14.5 5.5
      vertex -18.3859 8.25735 5.5
    endloop
  endfacet
  facet normal 0 0 -1
    outer loop
      vertex -18.601 8.10104 5.5
      vertex -22 14.5 5.5
      vertex -18.4996 8.18766 5.5
    endloop
  endfacet
  facet normal 0 0 -1
    outer loop
      vertex -18.6877 7.99962 5.5
      vertex -22 14.5 5.5
      vertex -18.601 8.10104 5.5
    endloop
  endfacet
  facet normal 0 0 -1
    outer loop
      vertex -18.7574 7.88589 5.5
      vertex -22 14.5 5.5
      vertex -18.6877 7.99962 5.5
    endloop
  endfacet
  facet normal 0 0 -1
    outer loop
      vertex -18.8084 7.76266 5.5
      vertex -22 14.5 5.5
      vertex -18.7574 7.88589 5.5
    endloop
  endfacet
  facet normal 0 0 -1
    outer loop
      vertex -18.8395 7.63297 5.5
      vertex -22 14.5 5.5
      vertex -18.8084 7.76266 5.5
    endloop
  endfacet
  facet normal -1 0 0
    outer loop
      vertex -22 14.5 5.5
      vertex -22 2.5 8
      vertex -22 14.5 8
    endloop
  endfacet
  facet normal -1 0 0
    outer loop
      vertex -22 0 5.5
      vertex -22 2.5 8
      vertex -22 14.5 5.5
    endloop
  endfacet
  facet normal -1 0 0
    outer loop
      vertex -22 0 39.01
      vertex -22 2.5 8
      vertex -22 0 5.5
    endloop
  endfacet
  facet normal -1 0 0
    outer loop
      vertex -22 2.5 8
      vertex -22 0 39.01
      vertex -22 2.5 39.01
    endloop
  endfacet
  facet normal -0.233458 0.972367 0
    outer loop
      vertex -17.7373 6.6916 5.5
      vertex -17.867 6.66046 8
      vertex -17.7373 6.6916 8
    endloop
  endfacet
  facet normal -0.233458 0.972367 0
    outer loop
      vertex -17.867 6.66046 8
      vertex -17.7373 6.6916 5.5
      vertex -17.867 6.66046 5.5
    endloop
  endfacet
  facet normal -0.972431 -0.233191 0
    outer loop
      vertex -17.1605 7.63297 5.5
      vertex -17.1916 7.76266 8
      vertex -17.1916 7.76266 5.5
    endloop
  endfacet
  facet normal -0.972431 -0.233191 0
    outer loop
      vertex -17.1916 7.76266 8
      vertex -17.1605 7.63297 5.5
      vertex -17.1605 7.63297 8
    endloop
  endfacet
  facet normal -0.996897 -0.0787201 0
    outer loop
      vertex -17.15 7.5 5.5
      vertex -17.1605 7.63297 8
      vertex -17.1605 7.63297 5.5
    endloop
  endfacet
  facet normal -0.996897 -0.0787201 0
    outer loop
      vertex -17.1605 7.63297 8
      vertex -17.15 7.5 5.5
      vertex -17.15 7.5 8
    endloop
  endfacet
  facet normal -0.923995 -0.382405 0
    outer loop
      vertex -17.1916 7.76266 5.5
      vertex -17.2426 7.88589 8
      vertex -17.2426 7.88589 5.5
    endloop
  endfacet
  facet normal -0.923995 -0.382405 0
    outer loop
      vertex -17.2426 7.88589 8
      vertex -17.1916 7.76266 5.5
      vertex -17.1916 7.76266 8
    endloop
  endfacet
  facet normal -0.996897 0.0787201 0
    outer loop
      vertex -17.1605 7.36703 5.5
      vertex -17.15 7.5 8
      vertex -17.15 7.5 5.5
    endloop
  endfacet
  facet normal -0.996897 0.0787201 0
    outer loop
      vertex -17.15 7.5 8
      vertex -17.1605 7.36703 5.5
      vertex -17.1605 7.36703 8
    endloop
  endfacet
  facet normal 0.649518 -0.760346 0
    outer loop
      vertex -18.601 8.10104 5.5
      vertex -18.4996 8.18766 8
      vertex -18.601 8.10104 8
    endloop
  endfacet
  facet normal 0.649518 -0.760346 0
    outer loop
      vertex -18.4996 8.18766 8
      vertex -18.601 8.10104 5.5
      vertex -18.4996 8.18766 5.5
    endloop
  endfacet
  facet normal 0.760113 0.649791 0
    outer loop
      vertex -18.601 6.89896 8
      vertex -18.6877 7.00038 5.5
      vertex -18.6877 7.00038 8
    endloop
  endfacet
  facet normal 0.760113 0.649791 0
    outer loop
      vertex -18.6877 7.00038 5.5
      vertex -18.601 6.89896 8
      vertex -18.601 6.89896 5.5
    endloop
  endfacet
  facet normal 0.649518 0.760346 -0
    outer loop
      vertex -18.4996 6.81234 5.5
      vertex -18.601 6.89896 8
      vertex -18.4996 6.81234 8
    endloop
  endfacet
  facet normal 0.649518 0.760346 0
    outer loop
      vertex -18.601 6.89896 8
      vertex -18.4996 6.81234 5.5
      vertex -18.601 6.89896 5.5
    endloop
  endfacet
  facet normal 0.923995 0.382405 0
    outer loop
      vertex -18.7574 7.11411 8
      vertex -18.8084 7.23734 5.5
      vertex -18.8084 7.23734 8
    endloop
  endfacet
  facet normal 0.923995 0.382405 0
    outer loop
      vertex -18.8084 7.23734 5.5
      vertex -18.7574 7.11411 8
      vertex -18.7574 7.11411 5.5
    endloop
  endfacet
  facet normal 0.522632 0.852558 -0
    outer loop
      vertex -18.3859 6.74264 5.5
      vertex -18.4996 6.81234 8
      vertex -18.3859 6.74264 8
    endloop
  endfacet
  facet normal 0.522632 0.852558 0
    outer loop
      vertex -18.4996 6.81234 8
      vertex -18.3859 6.74264 5.5
      vertex -18.4996 6.81234 5.5
    endloop
  endfacet
  facet normal 0.382804 -0.923829 0
    outer loop
      vertex -18.3859 8.25735 5.5
      vertex -18.2627 8.3084 8
      vertex -18.3859 8.25735 8
    endloop
  endfacet
  facet normal 0.382804 -0.923829 0
    outer loop
      vertex -18.2627 8.3084 8
      vertex -18.3859 8.25735 5.5
      vertex -18.2627 8.3084 5.5
    endloop
  endfacet
  facet normal 0.85262 -0.522532 0
    outer loop
      vertex -18.7574 7.88589 8
      vertex -18.6877 7.99962 5.5
      vertex -18.6877 7.99962 8
    endloop
  endfacet
  facet normal 0.85262 -0.522532 0
    outer loop
      vertex -18.6877 7.99962 5.5
      vertex -18.7574 7.88589 8
      vertex -18.7574 7.88589 5.5
    endloop
  endfacet
  facet normal -0.923995 0.382405 0
    outer loop
      vertex -17.2426 7.11411 5.5
      vertex -17.1916 7.23734 8
      vertex -17.1916 7.23734 5.5
    endloop
  endfacet
  facet normal -0.923995 0.382405 0
    outer loop
      vertex -17.1916 7.23734 8
      vertex -17.2426 7.11411 5.5
      vertex -17.2426 7.11411 8
    endloop
  endfacet
  facet normal 0.522578 -0.852592 0
    outer loop
      vertex -18.4996 8.18766 5.5
      vertex -18.3859 8.25735 8
      vertex -18.4996 8.18766 8
    endloop
  endfacet
  facet normal 0.522578 -0.852592 0
    outer loop
      vertex -18.3859 8.25735 8
      vertex -18.4996 8.18766 5.5
      vertex -18.3859 8.25735 5.5
    endloop
  endfacet
  facet normal 0.078479 -0.996916 0
    outer loop
      vertex -18.133 8.33953 5.5
      vertex -18 8.35 8
      vertex -18.133 8.33953 8
    endloop
  endfacet
  facet normal 0.078479 -0.996916 0
    outer loop
      vertex -18 8.35 8
      vertex -18.133 8.33953 5.5
      vertex -18 8.35 5.5
    endloop
  endfacet
  facet normal -0.85262 0.522532 0
    outer loop
      vertex -17.3123 7.00038 5.5
      vertex -17.2426 7.11411 8
      vertex -17.2426 7.11411 5.5
    endloop
  endfacet
  facet normal -0.85262 0.522532 0
    outer loop
      vertex -17.2426 7.11411 8
      vertex -17.3123 7.00038 5.5
      vertex -17.3123 7.00038 8
    endloop
  endfacet
  facet normal 0.760113 -0.649791 0
    outer loop
      vertex -18.6877 7.99962 8
      vertex -18.601 8.10104 5.5
      vertex -18.601 8.10104 8
    endloop
  endfacet
  facet normal 0.760113 -0.649791 0
    outer loop
      vertex -18.601 8.10104 5.5
      vertex -18.6877 7.99962 8
      vertex -18.6877 7.99962 5.5
    endloop
  endfacet
  facet normal -0.38274 0.923856 0
    outer loop
      vertex -17.6141 6.74264 5.5
      vertex -17.7373 6.6916 8
      vertex -17.6141 6.74264 8
    endloop
  endfacet
  facet normal -0.38274 0.923856 0
    outer loop
      vertex -17.7373 6.6916 8
      vertex -17.6141 6.74264 5.5
      vertex -17.7373 6.6916 5.5
    endloop
  endfacet
  facet normal 0.972431 0.233191 0
    outer loop
      vertex -18.8084 7.23734 8
      vertex -18.8395 7.36703 5.5
      vertex -18.8395 7.36703 8
    endloop
  endfacet
  facet normal 0.972431 0.233191 0
    outer loop
      vertex -18.8395 7.36703 5.5
      vertex -18.8084 7.23734 8
      vertex -18.8084 7.23734 5.5
    endloop
  endfacet
  facet normal -0.85262 -0.522532 0
    outer loop
      vertex -17.2426 7.88589 5.5
      vertex -17.3123 7.99962 8
      vertex -17.3123 7.99962 5.5
    endloop
  endfacet
  facet normal -0.85262 -0.522532 0
    outer loop
      vertex -17.3123 7.99962 8
      vertex -17.2426 7.88589 5.5
      vertex -17.2426 7.88589 8
    endloop
  endfacet
  facet normal 0.233387 -0.972384 0
    outer loop
      vertex -18.2627 8.3084 5.5
      vertex -18.133 8.33953 8
      vertex -18.2627 8.3084 8
    endloop
  endfacet
  facet normal 0.233387 -0.972384 0
    outer loop
      vertex -18.133 8.33953 8
      vertex -18.2627 8.3084 5.5
      vertex -18.133 8.33953 5.5
    endloop
  endfacet
  facet normal 0.996897 -0.0787201 0
    outer loop
      vertex -18.85 7.5 8
      vertex -18.8395 7.63297 5.5
      vertex -18.8395 7.63297 8
    endloop
  endfacet
  facet normal 0.996897 -0.0787201 0
    outer loop
      vertex -18.8395 7.63297 5.5
      vertex -18.85 7.5 8
      vertex -18.85 7.5 5.5
    endloop
  endfacet
  facet normal 0.0784045 0.996922 -0
    outer loop
      vertex -18 6.65 5.5
      vertex -18.133 6.66046 8
      vertex -18 6.65 8
    endloop
  endfacet
  facet normal 0.0784045 0.996922 0
    outer loop
      vertex -18.133 6.66046 8
      vertex -18 6.65 5.5
      vertex -18.133 6.66046 5.5
    endloop
  endfacet
  facet normal -0.382804 -0.923829 0
    outer loop
      vertex -17.7373 8.3084 5.5
      vertex -17.6141 8.25735 8
      vertex -17.7373 8.3084 8
    endloop
  endfacet
  facet normal -0.382804 -0.923829 -0
    outer loop
      vertex -17.6141 8.25735 8
      vertex -17.7373 8.3084 5.5
      vertex -17.6141 8.25735 5.5
    endloop
  endfacet
  facet normal -0.522632 0.852558 0
    outer loop
      vertex -17.5004 6.81234 5.5
      vertex -17.6141 6.74264 8
      vertex -17.5004 6.81234 8
    endloop
  endfacet
  facet normal -0.522632 0.852558 0
    outer loop
      vertex -17.6141 6.74264 8
      vertex -17.5004 6.81234 5.5
      vertex -17.6141 6.74264 5.5
    endloop
  endfacet
  facet normal -0.522578 -0.852592 0
    outer loop
      vertex -17.6141 8.25735 5.5
      vertex -17.5004 8.18766 8
      vertex -17.6141 8.25735 8
    endloop
  endfacet
  facet normal -0.522578 -0.852592 -0
    outer loop
      vertex -17.5004 8.18766 8
      vertex -17.6141 8.25735 5.5
      vertex -17.5004 8.18766 5.5
    endloop
  endfacet
  facet normal -0.078479 -0.996916 0
    outer loop
      vertex -18 8.35 5.5
      vertex -17.867 8.33953 8
      vertex -18 8.35 8
    endloop
  endfacet
  facet normal -0.078479 -0.996916 -0
    outer loop
      vertex -17.867 8.33953 8
      vertex -18 8.35 5.5
      vertex -17.867 8.33953 5.5
    endloop
  endfacet
  facet normal 0.85262 0.522532 0
    outer loop
      vertex -18.6877 7.00038 8
      vertex -18.7574 7.11411 5.5
      vertex -18.7574 7.11411 8
    endloop
  endfacet
  facet normal 0.85262 0.522532 0
    outer loop
      vertex -18.7574 7.11411 5.5
      vertex -18.6877 7.00038 8
      vertex -18.6877 7.00038 5.5
    endloop
  endfacet
  facet normal 0.233458 0.972367 -0
    outer loop
      vertex -18.133 6.66046 5.5
      vertex -18.2627 6.6916 8
      vertex -18.133 6.66046 8
    endloop
  endfacet
  facet normal 0.233458 0.972367 0
    outer loop
      vertex -18.2627 6.6916 8
      vertex -18.133 6.66046 5.5
      vertex -18.2627 6.6916 5.5
    endloop
  endfacet
  facet normal 0.38274 0.923856 -0
    outer loop
      vertex -18.2627 6.6916 5.5
      vertex -18.3859 6.74264 8
      vertex -18.2627 6.6916 8
    endloop
  endfacet
  facet normal 0.38274 0.923856 0
    outer loop
      vertex -18.3859 6.74264 8
      vertex -18.2627 6.6916 5.5
      vertex -18.3859 6.74264 5.5
    endloop
  endfacet
  facet normal -0.0784045 0.996922 0
    outer loop
      vertex -17.867 6.66046 5.5
      vertex -18 6.65 8
      vertex -17.867 6.66046 8
    endloop
  endfacet
  facet normal -0.0784045 0.996922 0
    outer loop
      vertex -18 6.65 8
      vertex -17.867 6.66046 5.5
      vertex -18 6.65 5.5
    endloop
  endfacet
  facet normal -0.233387 -0.972384 0
    outer loop
      vertex -17.867 8.33953 5.5
      vertex -17.7373 8.3084 8
      vertex -17.867 8.33953 8
    endloop
  endfacet
  facet normal -0.233387 -0.972384 -0
    outer loop
      vertex -17.7373 8.3084 8
      vertex -17.867 8.33953 5.5
      vertex -17.7373 8.3084 5.5
    endloop
  endfacet
  facet normal -0.972431 0.233191 0
    outer loop
      vertex -17.1916 7.23734 5.5
      vertex -17.1605 7.36703 8
      vertex -17.1605 7.36703 5.5
    endloop
  endfacet
  facet normal -0.972431 0.233191 0
    outer loop
      vertex -17.1605 7.36703 8
      vertex -17.1916 7.23734 5.5
      vertex -17.1916 7.23734 8
    endloop
  endfacet
  facet normal 0.923995 -0.382405 0
    outer loop
      vertex -18.8084 7.76266 8
      vertex -18.7574 7.88589 5.5
      vertex -18.7574 7.88589 8
    endloop
  endfacet
  facet normal 0.923995 -0.382405 0
    outer loop
      vertex -18.7574 7.88589 5.5
      vertex -18.8084 7.76266 8
      vertex -18.8084 7.76266 5.5
    endloop
  endfacet
  facet normal -0.760113 -0.649791 0
    outer loop
      vertex -17.3123 7.99962 5.5
      vertex -17.399 8.10104 8
      vertex -17.399 8.10104 5.5
    endloop
  endfacet
  facet normal -0.760113 -0.649791 0
    outer loop
      vertex -17.399 8.10104 8
      vertex -17.3123 7.99962 5.5
      vertex -17.3123 7.99962 8
    endloop
  endfacet
  facet normal -0.649518 -0.760346 0
    outer loop
      vertex -17.5004 8.18766 5.5
      vertex -17.399 8.10104 8
      vertex -17.5004 8.18766 8
    endloop
  endfacet
  facet normal -0.649518 -0.760346 -0
    outer loop
      vertex -17.399 8.10104 8
      vertex -17.5004 8.18766 5.5
      vertex -17.399 8.10104 5.5
    endloop
  endfacet
  facet normal 0.996897 0.0787201 0
    outer loop
      vertex -18.8395 7.36703 8
      vertex -18.85 7.5 5.5
      vertex -18.85 7.5 8
    endloop
  endfacet
  facet normal 0.996897 0.0787201 0
    outer loop
      vertex -18.85 7.5 5.5
      vertex -18.8395 7.36703 8
      vertex -18.8395 7.36703 5.5
    endloop
  endfacet
  facet normal 0.972431 -0.233191 0
    outer loop
      vertex -18.8395 7.63297 8
      vertex -18.8084 7.76266 5.5
      vertex -18.8084 7.76266 8
    endloop
  endfacet
  facet normal 0.972431 -0.233191 0
    outer loop
      vertex -18.8084 7.76266 5.5
      vertex -18.8395 7.63297 8
      vertex -18.8395 7.63297 5.5
    endloop
  endfacet
  facet normal -0.649518 0.760346 0
    outer loop
      vertex -17.399 6.89896 5.5
      vertex -17.5004 6.81234 8
      vertex -17.399 6.89896 8
    endloop
  endfacet
  facet normal -0.649518 0.760346 0
    outer loop
      vertex -17.5004 6.81234 8
      vertex -17.399 6.89896 5.5
      vertex -17.5004 6.81234 5.5
    endloop
  endfacet
  facet normal -0.760113 0.649791 0
    outer loop
      vertex -17.399 6.89896 5.5
      vertex -17.3123 7.00038 8
      vertex -17.3123 7.00038 5.5
    endloop
  endfacet
  facet normal -0.760113 0.649791 0
    outer loop
      vertex -17.3123 7.00038 8
      vertex -17.399 6.89896 5.5
      vertex -17.399 6.89896 8
    endloop
  endfacet
  facet normal -0.233458 0.972367 0
    outer loop
      vertex 18.2627 6.6916 5.5
      vertex 18.133 6.66046 8
      vertex 18.2627 6.6916 8
    endloop
  endfacet
  facet normal -0.233458 0.972367 0
    outer loop
      vertex 18.133 6.66046 8
      vertex 18.2627 6.6916 5.5
      vertex 18.133 6.66046 5.5
    endloop
  endfacet
  facet normal -0.972431 -0.233191 0
    outer loop
      vertex 18.8395 7.63297 5.5
      vertex 18.8084 7.76266 8
      vertex 18.8084 7.76266 5.5
    endloop
  endfacet
  facet normal -0.972431 -0.233191 0
    outer loop
      vertex 18.8084 7.76266 8
      vertex 18.8395 7.63297 5.5
      vertex 18.8395 7.63297 8
    endloop
  endfacet
  facet normal -0.996897 -0.0787201 0
    outer loop
      vertex 18.85 7.5 5.5
      vertex 18.8395 7.63297 8
      vertex 18.8395 7.63297 5.5
    endloop
  endfacet
  facet normal -0.996897 -0.0787201 0
    outer loop
      vertex 18.8395 7.63297 8
      vertex 18.85 7.5 5.5
      vertex 18.85 7.5 8
    endloop
  endfacet
  facet normal -0.923995 -0.382405 0
    outer loop
      vertex 18.8084 7.76266 5.5
      vertex 18.7574 7.88589 8
      vertex 18.7574 7.88589 5.5
    endloop
  endfacet
  facet normal -0.923995 -0.382405 0
    outer loop
      vertex 18.7574 7.88589 8
      vertex 18.8084 7.76266 5.5
      vertex 18.8084 7.76266 8
    endloop
  endfacet
  facet normal -0.996897 0.0787201 0
    outer loop
      vertex 18.8395 7.36703 5.5
      vertex 18.85 7.5 8
      vertex 18.85 7.5 5.5
    endloop
  endfacet
  facet normal -0.996897 0.0787201 0
    outer loop
      vertex 18.85 7.5 8
      vertex 18.8395 7.36703 5.5
      vertex 18.8395 7.36703 8
    endloop
  endfacet
  facet normal 0.649518 -0.760346 0
    outer loop
      vertex 17.399 8.10104 5.5
      vertex 17.5004 8.18766 8
      vertex 17.399 8.10104 8
    endloop
  endfacet
  facet normal 0.649518 -0.760346 0
    outer loop
      vertex 17.5004 8.18766 8
      vertex 17.399 8.10104 5.5
      vertex 17.5004 8.18766 5.5
    endloop
  endfacet
  facet normal 0.760113 0.649791 0
    outer loop
      vertex 17.399 6.89896 8
      vertex 17.3123 7.00038 5.5
      vertex 17.3123 7.00038 8
    endloop
  endfacet
  facet normal 0.760113 0.649791 0
    outer loop
      vertex 17.3123 7.00038 5.5
      vertex 17.399 6.89896 8
      vertex 17.399 6.89896 5.5
    endloop
  endfacet
  facet normal 0.649518 0.760346 -0
    outer loop
      vertex 17.5004 6.81234 5.5
      vertex 17.399 6.89896 8
      vertex 17.5004 6.81234 8
    endloop
  endfacet
  facet normal 0.649518 0.760346 0
    outer loop
      vertex 17.399 6.89896 8
      vertex 17.5004 6.81234 5.5
      vertex 17.399 6.89896 5.5
    endloop
  endfacet
  facet normal 0.923995 0.382405 0
    outer loop
      vertex 17.2426 7.11411 8
      vertex 17.1916 7.23734 5.5
      vertex 17.1916 7.23734 8
    endloop
  endfacet
  facet normal 0.923995 0.382405 0
    outer loop
      vertex 17.1916 7.23734 5.5
      vertex 17.2426 7.11411 8
      vertex 17.2426 7.11411 5.5
    endloop
  endfacet
  facet normal 0.522632 0.852558 -0
    outer loop
      vertex 17.6141 6.74264 5.5
      vertex 17.5004 6.81234 8
      vertex 17.6141 6.74264 8
    endloop
  endfacet
  facet normal 0.522632 0.852558 0
    outer loop
      vertex 17.5004 6.81234 8
      vertex 17.6141 6.74264 5.5
      vertex 17.5004 6.81234 5.5
    endloop
  endfacet
  facet normal 0.382804 -0.923829 0
    outer loop
      vertex 17.6141 8.25735 5.5
      vertex 17.7373 8.3084 8
      vertex 17.6141 8.25735 8
    endloop
  endfacet
  facet normal 0.382804 -0.923829 0
    outer loop
      vertex 17.7373 8.3084 8
      vertex 17.6141 8.25735 5.5
      vertex 17.7373 8.3084 5.5
    endloop
  endfacet
  facet normal 0.85262 -0.522532 0
    outer loop
      vertex 17.2426 7.88589 8
      vertex 17.3123 7.99962 5.5
      vertex 17.3123 7.99962 8
    endloop
  endfacet
  facet normal 0.85262 -0.522532 0
    outer loop
      vertex 17.3123 7.99962 5.5
      vertex 17.2426 7.88589 8
      vertex 17.2426 7.88589 5.5
    endloop
  endfacet
  facet normal -0.923995 0.382405 0
    outer loop
      vertex 18.7574 7.11411 5.5
      vertex 18.8084 7.23734 8
      vertex 18.8084 7.23734 5.5
    endloop
  endfacet
  facet normal -0.923995 0.382405 0
    outer loop
      vertex 18.8084 7.23734 8
      vertex 18.7574 7.11411 5.5
      vertex 18.7574 7.11411 8
    endloop
  endfacet
  facet normal 0.522578 -0.852592 0
    outer loop
      vertex 17.5004 8.18766 5.5
      vertex 17.6141 8.25735 8
      vertex 17.5004 8.18766 8
    endloop
  endfacet
  facet normal 0.522578 -0.852592 0
    outer loop
      vertex 17.6141 8.25735 8
      vertex 17.5004 8.18766 5.5
      vertex 17.6141 8.25735 5.5
    endloop
  endfacet
  facet normal 0.078479 -0.996916 0
    outer loop
      vertex 17.867 8.33953 5.5
      vertex 18 8.35 8
      vertex 17.867 8.33953 8
    endloop
  endfacet
  facet normal 0.078479 -0.996916 0
    outer loop
      vertex 18 8.35 8
      vertex 17.867 8.33953 5.5
      vertex 18 8.35 5.5
    endloop
  endfacet
  facet normal -0.85262 0.522532 0
    outer loop
      vertex 18.6877 7.00038 5.5
      vertex 18.7574 7.11411 8
      vertex 18.7574 7.11411 5.5
    endloop
  endfacet
  facet normal -0.85262 0.522532 0
    outer loop
      vertex 18.7574 7.11411 8
      vertex 18.6877 7.00038 5.5
      vertex 18.6877 7.00038 8
    endloop
  endfacet
  facet normal 0.760113 -0.649791 0
    outer loop
      vertex 17.3123 7.99962 8
      vertex 17.399 8.10104 5.5
      vertex 17.399 8.10104 8
    endloop
  endfacet
  facet normal 0.760113 -0.649791 0
    outer loop
      vertex 17.399 8.10104 5.5
      vertex 17.3123 7.99962 8
      vertex 17.3123 7.99962 5.5
    endloop
  endfacet
  facet normal -0.38274 0.923856 0
    outer loop
      vertex 18.3859 6.74264 5.5
      vertex 18.2627 6.6916 8
      vertex 18.3859 6.74264 8
    endloop
  endfacet
  facet normal -0.38274 0.923856 0
    outer loop
      vertex 18.2627 6.6916 8
      vertex 18.3859 6.74264 5.5
      vertex 18.2627 6.6916 5.5
    endloop
  endfacet
  facet normal 0.972431 0.233191 0
    outer loop
      vertex 17.1916 7.23734 8
      vertex 17.1605 7.36703 5.5
      vertex 17.1605 7.36703 8
    endloop
  endfacet
  facet normal 0.972431 0.233191 0
    outer loop
      vertex 17.1605 7.36703 5.5
      vertex 17.1916 7.23734 8
      vertex 17.1916 7.23734 5.5
    endloop
  endfacet
  facet normal -0.85262 -0.522532 0
    outer loop
      vertex 18.7574 7.88589 5.5
      vertex 18.6877 7.99962 8
      vertex 18.6877 7.99962 5.5
    endloop
  endfacet
  facet normal -0.85262 -0.522532 0
    outer loop
      vertex 18.6877 7.99962 8
      vertex 18.7574 7.88589 5.5
      vertex 18.7574 7.88589 8
    endloop
  endfacet
  facet normal 0.233387 -0.972384 0
    outer loop
      vertex 17.7373 8.3084 5.5
      vertex 17.867 8.33953 8
      vertex 17.7373 8.3084 8
    endloop
  endfacet
  facet normal 0.233387 -0.972384 0
    outer loop
      vertex 17.867 8.33953 8
      vertex 17.7373 8.3084 5.5
      vertex 17.867 8.33953 5.5
    endloop
  endfacet
  facet normal 0.996897 -0.0787201 0
    outer loop
      vertex 17.15 7.5 8
      vertex 17.1605 7.63297 5.5
      vertex 17.1605 7.63297 8
    endloop
  endfacet
  facet normal 0.996897 -0.0787201 0
    outer loop
      vertex 17.1605 7.63297 5.5
      vertex 17.15 7.5 8
      vertex 17.15 7.5 5.5
    endloop
  endfacet
  facet normal 0.0784045 0.996922 -0
    outer loop
      vertex 18 6.65 5.5
      vertex 17.867 6.66046 8
      vertex 18 6.65 8
    endloop
  endfacet
  facet normal 0.0784045 0.996922 0
    outer loop
      vertex 17.867 6.66046 8
      vertex 18 6.65 5.5
      vertex 17.867 6.66046 5.5
    endloop
  endfacet
  facet normal -0.382804 -0.923829 0
    outer loop
      vertex 18.2627 8.3084 5.5
      vertex 18.3859 8.25735 8
      vertex 18.2627 8.3084 8
    endloop
  endfacet
  facet normal -0.382804 -0.923829 -0
    outer loop
      vertex 18.3859 8.25735 8
      vertex 18.2627 8.3084 5.5
      vertex 18.3859 8.25735 5.5
    endloop
  endfacet
  facet normal -0.522632 0.852558 0
    outer loop
      vertex 18.4996 6.81234 5.5
      vertex 18.3859 6.74264 8
      vertex 18.4996 6.81234 8
    endloop
  endfacet
  facet normal -0.522632 0.852558 0
    outer loop
      vertex 18.3859 6.74264 8
      vertex 18.4996 6.81234 5.5
      vertex 18.3859 6.74264 5.5
    endloop
  endfacet
  facet normal -0.522578 -0.852592 0
    outer loop
      vertex 18.3859 8.25735 5.5
      vertex 18.4996 8.18766 8
      vertex 18.3859 8.25735 8
    endloop
  endfacet
  facet normal -0.522578 -0.852592 -0
    outer loop
      vertex 18.4996 8.18766 8
      vertex 18.3859 8.25735 5.5
      vertex 18.4996 8.18766 5.5
    endloop
  endfacet
  facet normal -0.078479 -0.996916 0
    outer loop
      vertex 18 8.35 5.5
      vertex 18.133 8.33953 8
      vertex 18 8.35 8
    endloop
  endfacet
  facet normal -0.078479 -0.996916 -0
    outer loop
      vertex 18.133 8.33953 8
      vertex 18 8.35 5.5
      vertex 18.133 8.33953 5.5
    endloop
  endfacet
  facet normal 0.85262 0.522532 0
    outer loop
      vertex 17.3123 7.00038 8
      vertex 17.2426 7.11411 5.5
      vertex 17.2426 7.11411 8
    endloop
  endfacet
  facet normal 0.85262 0.522532 0
    outer loop
      vertex 17.2426 7.11411 5.5
      vertex 17.3123 7.00038 8
      vertex 17.3123 7.00038 5.5
    endloop
  endfacet
  facet normal 0.233458 0.972367 -0
    outer loop
      vertex 17.867 6.66046 5.5
      vertex 17.7373 6.6916 8
      vertex 17.867 6.66046 8
    endloop
  endfacet
  facet normal 0.233458 0.972367 0
    outer loop
      vertex 17.7373 6.6916 8
      vertex 17.867 6.66046 5.5
      vertex 17.7373 6.6916 5.5
    endloop
  endfacet
  facet normal 0.38274 0.923856 -0
    outer loop
      vertex 17.7373 6.6916 5.5
      vertex 17.6141 6.74264 8
      vertex 17.7373 6.6916 8
    endloop
  endfacet
  facet normal 0.38274 0.923856 0
    outer loop
      vertex 17.6141 6.74264 8
      vertex 17.7373 6.6916 5.5
      vertex 17.6141 6.74264 5.5
    endloop
  endfacet
  facet normal -0.0784045 0.996922 0
    outer loop
      vertex 18.133 6.66046 5.5
      vertex 18 6.65 8
      vertex 18.133 6.66046 8
    endloop
  endfacet
  facet normal -0.0784045 0.996922 0
    outer loop
      vertex 18 6.65 8
      vertex 18.133 6.66046 5.5
      vertex 18 6.65 5.5
    endloop
  endfacet
  facet normal -0.233387 -0.972384 0
    outer loop
      vertex 18.133 8.33953 5.5
      vertex 18.2627 8.3084 8
      vertex 18.133 8.33953 8
    endloop
  endfacet
  facet normal -0.233387 -0.972384 -0
    outer loop
      vertex 18.2627 8.3084 8
      vertex 18.133 8.33953 5.5
      vertex 18.2627 8.3084 5.5
    endloop
  endfacet
  facet normal -0.972431 0.233191 0
    outer loop
      vertex 18.8084 7.23734 5.5
      vertex 18.8395 7.36703 8
      vertex 18.8395 7.36703 5.5
    endloop
  endfacet
  facet normal -0.972431 0.233191 0
    outer loop
      vertex 18.8395 7.36703 8
      vertex 18.8084 7.23734 5.5
      vertex 18.8084 7.23734 8
    endloop
  endfacet
  facet normal 0.923995 -0.382405 0
    outer loop
      vertex 17.1916 7.76266 8
      vertex 17.2426 7.88589 5.5
      vertex 17.2426 7.88589 8
    endloop
  endfacet
  facet normal 0.923995 -0.382405 0
    outer loop
      vertex 17.2426 7.88589 5.5
      vertex 17.1916 7.76266 8
      vertex 17.1916 7.76266 5.5
    endloop
  endfacet
  facet normal -0.760113 -0.649791 0
    outer loop
      vertex 18.6877 7.99962 5.5
      vertex 18.601 8.10104 8
      vertex 18.601 8.10104 5.5
    endloop
  endfacet
  facet normal -0.760113 -0.649791 0
    outer loop
      vertex 18.601 8.10104 8
      vertex 18.6877 7.99962 5.5
      vertex 18.6877 7.99962 8
    endloop
  endfacet
  facet normal -0.649518 -0.760346 0
    outer loop
      vertex 18.4996 8.18766 5.5
      vertex 18.601 8.10104 8
      vertex 18.4996 8.18766 8
    endloop
  endfacet
  facet normal -0.649518 -0.760346 -0
    outer loop
      vertex 18.601 8.10104 8
      vertex 18.4996 8.18766 5.5
      vertex 18.601 8.10104 5.5
    endloop
  endfacet
  facet normal 0.996897 0.0787201 0
    outer loop
      vertex 17.1605 7.36703 8
      vertex 17.15 7.5 5.5
      vertex 17.15 7.5 8
    endloop
  endfacet
  facet normal 0.996897 0.0787201 0
    outer loop
      vertex 17.15 7.5 5.5
      vertex 17.1605 7.36703 8
      vertex 17.1605 7.36703 5.5
    endloop
  endfacet
  facet normal 0.972431 -0.233191 0
    outer loop
      vertex 17.1605 7.63297 8
      vertex 17.1916 7.76266 5.5
      vertex 17.1916 7.76266 8
    endloop
  endfacet
  facet normal 0.972431 -0.233191 0
    outer loop
      vertex 17.1916 7.76266 5.5
      vertex 17.1605 7.63297 8
      vertex 17.1605 7.63297 5.5
    endloop
  endfacet
  facet normal -0.649518 0.760346 0
    outer loop
      vertex 18.601 6.89896 5.5
      vertex 18.4996 6.81234 8
      vertex 18.601 6.89896 8
    endloop
  endfacet
  facet normal -0.649518 0.760346 0
    outer loop
      vertex 18.4996 6.81234 8
      vertex 18.601 6.89896 5.5
      vertex 18.4996 6.81234 5.5
    endloop
  endfacet
  facet normal -0.760113 0.649791 0
    outer loop
      vertex 18.601 6.89896 5.5
      vertex 18.6877 7.00038 8
      vertex 18.6877 7.00038 5.5
    endloop
  endfacet
  facet normal -0.760113 0.649791 0
    outer loop
      vertex 18.6877 7.00038 8
      vertex 18.601 6.89896 5.5
      vertex 18.601 6.89896 8
    endloop
  endfacet
  facet normal -0 0 1
    outer loop
      vertex 18.8395 7.63297 8
      vertex 22 2.5 8
      vertex 22 14.5 8
    endloop
  endfacet
  facet normal 0 0 1
    outer loop
      vertex 22 2.5 8
      vertex 18.8395 7.63297 8
      vertex 18.85 7.5 8
    endloop
  endfacet
  facet normal 0 0 1
    outer loop
      vertex 22 14.5 8
      vertex 18.8084 7.76266 8
      vertex 18.8395 7.63297 8
    endloop
  endfacet
  facet normal 0 0 1
    outer loop
      vertex 22 14.5 8
      vertex 18.7574 7.88589 8
      vertex 18.8084 7.76266 8
    endloop
  endfacet
  facet normal 0 0 1
    outer loop
      vertex 22 14.5 8
      vertex 18.6877 7.99962 8
      vertex 18.7574 7.88589 8
    endloop
  endfacet
  facet normal 0 0 1
    outer loop
      vertex 22 14.5 8
      vertex 18.601 8.10104 8
      vertex 18.6877 7.99962 8
    endloop
  endfacet
  facet normal 0 0 1
    outer loop
      vertex 22 14.5 8
      vertex 18.4996 8.18766 8
      vertex 18.601 8.10104 8
    endloop
  endfacet
  facet normal 0 0 1
    outer loop
      vertex 22 14.5 8
      vertex 18.3859 8.25735 8
      vertex 18.4996 8.18766 8
    endloop
  endfacet
  facet normal 0 0 1
    outer loop
      vertex 22 14.5 8
      vertex 18.2627 8.3084 8
      vertex 18.3859 8.25735 8
    endloop
  endfacet
  facet normal 0 0 1
    outer loop
      vertex 22 14.5 8
      vertex 18.133 8.33953 8
      vertex 18.2627 8.3084 8
    endloop
  endfacet
  facet normal 0 0 1
    outer loop
      vertex 22 14.5 8
      vertex 18 8.35 8
      vertex 18.133 8.33953 8
    endloop
  endfacet
  facet normal 0 0 1
    outer loop
      vertex 22 14.5 8
      vertex 17.867 8.33953 8
      vertex 18 8.35 8
    endloop
  endfacet
  facet normal 0 0 1
    outer loop
      vertex 22 14.5 8
      vertex 17.7373 8.3084 8
      vertex 17.867 8.33953 8
    endloop
  endfacet
  facet normal 0 0 1
    outer loop
      vertex 22 14.5 8
      vertex 17.6141 8.25735 8
      vertex 17.7373 8.3084 8
    endloop
  endfacet
  facet normal 0 0 1
    outer loop
      vertex 22 14.5 8
      vertex 17.5004 8.18766 8
      vertex 17.6141 8.25735 8
    endloop
  endfacet
  facet normal 0 0 1
    outer loop
      vertex 14.5 6.8 8
      vertex 17.5004 8.18766 8
      vertex 22 14.5 8
    endloop
  endfacet
  facet normal 0 0 1
    outer loop
      vertex 17.5004 8.18766 8
      vertex 14.5 6.8 8
      vertex 17.399 8.10104 8
    endloop
  endfacet
  facet normal 0 0 1
    outer loop
      vertex 17.1605 7.63297 8
      vertex 14.5 6.8 8
      vertex 17.15 7.5 8
    endloop
  endfacet
  facet normal 0 0 1
    outer loop
      vertex 17.1916 7.76266 8
      vertex 14.5 6.8 8
      vertex 17.1605 7.63297 8
    endloop
  endfacet
  facet normal 0 0 1
    outer loop
      vertex 17.2426 7.88589 8
      vertex 14.5 6.8 8
      vertex 17.1916 7.76266 8
    endloop
  endfacet
  facet normal 0 0 1
    outer loop
      vertex 17.3123 7.99962 8
      vertex 14.5 6.8 8
      vertex 17.2426 7.88589 8
    endloop
  endfacet
  facet normal 0 0 1
    outer loop
      vertex 17.399 8.10104 8
      vertex 14.5 6.8 8
      vertex 17.3123 7.99962 8
    endloop
  endfacet
  facet normal 0 0 1
    outer loop
      vertex 22 14.5 8
      vertex -14.5 6.8 8
      vertex 14.5 6.8 8
    endloop
  endfacet
  facet normal -0 0 1
    outer loop
      vertex -17.1605 7.36703 8
      vertex -14.5 6.8 8
      vertex -17.15 7.5 8
    endloop
  endfacet
  facet normal -0 0 1
    outer loop
      vertex -22 14.5 8
      vertex -14.5 6.8 8
      vertex 22 14.5 8
    endloop
  endfacet
  facet normal 0 0 1
    outer loop
      vertex -14.5 6.8 8
      vertex -17.1605 7.63297 8
      vertex -17.15 7.5 8
    endloop
  endfacet
  facet normal 0 0 1
    outer loop
      vertex -14.5 6.8 8
      vertex -17.1916 7.76266 8
      vertex -17.1605 7.63297 8
    endloop
  endfacet
  facet normal 0 0 1
    outer loop
      vertex -14.5 6.8 8
      vertex -17.2426 7.88589 8
      vertex -17.1916 7.76266 8
    endloop
  endfacet
  facet normal 0 0 1
    outer loop
      vertex -14.5 6.8 8
      vertex -17.3123 7.99962 8
      vertex -17.2426 7.88589 8
    endloop
  endfacet
  facet normal 0 0 1
    outer loop
      vertex -14.5 6.8 8
      vertex -17.399 8.10104 8
      vertex -17.3123 7.99962 8
    endloop
  endfacet
  facet normal -0 -0 1
    outer loop
      vertex -17.5004 8.18766 8
      vertex -14.5 6.8 8
      vertex -22 14.5 8
    endloop
  endfacet
  facet normal 0 0 1
    outer loop
      vertex -14.5 6.8 8
      vertex -17.5004 8.18766 8
      vertex -17.399 8.10104 8
    endloop
  endfacet
  facet normal 0 0 1
    outer loop
      vertex -17.5004 8.18766 8
      vertex -22 14.5 8
      vertex -17.6141 8.25735 8
    endloop
  endfacet
  facet normal 0 0 1
    outer loop
      vertex -17.6141 8.25735 8
      vertex -22 14.5 8
      vertex -17.7373 8.3084 8
    endloop
  endfacet
  facet normal 0 0 1
    outer loop
      vertex -17.7373 8.3084 8
      vertex -22 14.5 8
      vertex -17.867 8.33953 8
    endloop
  endfacet
  facet normal 0 0 1
    outer loop
      vertex -17.867 8.33953 8
      vertex -22 14.5 8
      vertex -18 8.35 8
    endloop
  endfacet
  facet normal 0 0 1
    outer loop
      vertex -22 2.5 8
      vertex -18.8395 7.63297 8
      vertex -22 14.5 8
    endloop
  endfacet
  facet normal 0 0 1
    outer loop
      vertex -18.8084 7.76266 8
      vertex -22 14.5 8
      vertex -18.8395 7.63297 8
    endloop
  endfacet
  facet normal 0 0 1
    outer loop
      vertex -18.7574 7.88589 8
      vertex -22 14.5 8
      vertex -18.8084 7.76266 8
    endloop
  endfacet
  facet normal 0 0 1
    outer loop
      vertex -18.6877 7.99962 8
      vertex -22 14.5 8
      vertex -18.7574 7.88589 8
    endloop
  endfacet
  facet normal 0 0 1
    outer loop
      vertex -18.601 8.10104 8
      vertex -22 14.5 8
      vertex -18.6877 7.99962 8
    endloop
  endfacet
  facet normal 0 0 1
    outer loop
      vertex -18.4996 8.18766 8
      vertex -22 14.5 8
      vertex -18.601 8.10104 8
    endloop
  endfacet
  facet normal 0 0 1
    outer loop
      vertex -18.3859 8.25735 8
      vertex -22 14.5 8
      vertex -18.4996 8.18766 8
    endloop
  endfacet
  facet normal 0 0 1
    outer loop
      vertex -18.2627 8.3084 8
      vertex -22 14.5 8
      vertex -18.3859 8.25735 8
    endloop
  endfacet
  facet normal 0 0 1
    outer loop
      vertex -18.133 8.33953 8
      vertex -22 14.5 8
      vertex -18.2627 8.3084 8
    endloop
  endfacet
  facet normal 0 0 1
    outer loop
      vertex -18 8.35 8
      vertex -22 14.5 8
      vertex -18.133 8.33953 8
    endloop
  endfacet
  facet normal -0 0 1
    outer loop
      vertex 18.8395 7.36703 8
      vertex 22 2.5 8
      vertex 18.85 7.5 8
    endloop
  endfacet
  facet normal -0 0 1
    outer loop
      vertex 18.8084 7.23734 8
      vertex 22 2.5 8
      vertex 18.8395 7.36703 8
    endloop
  endfacet
  facet normal -0 0 1
    outer loop
      vertex 18.7574 7.11411 8
      vertex 22 2.5 8
      vertex 18.8084 7.23734 8
    endloop
  endfacet
  facet normal -0 0 1
    outer loop
      vertex 18.6877 7.00038 8
      vertex 22 2.5 8
      vertex 18.7574 7.11411 8
    endloop
  endfacet
  facet normal -0 0 1
    outer loop
      vertex 18.601 6.89896 8
      vertex 22 2.5 8
      vertex 18.6877 7.00038 8
    endloop
  endfacet
  facet normal -0 0 1
    outer loop
      vertex 18.4996 6.81234 8
      vertex 22 2.5 8
      vertex 18.601 6.89896 8
    endloop
  endfacet
  facet normal -0 0 1
    outer loop
      vertex 18.3859 6.74264 8
      vertex 22 2.5 8
      vertex 18.4996 6.81234 8
    endloop
  endfacet
  facet normal -0 0 1
    outer loop
      vertex 18.2627 6.6916 8
      vertex 22 2.5 8
      vertex 18.3859 6.74264 8
    endloop
  endfacet
  facet normal -0 0 1
    outer loop
      vertex 18.133 6.66046 8
      vertex 22 2.5 8
      vertex 18.2627 6.6916 8
    endloop
  endfacet
  facet normal -0 0 1
    outer loop
      vertex 18 6.65 8
      vertex 22 2.5 8
      vertex 18.133 6.66046 8
    endloop
  endfacet
  facet normal 0 0 1
    outer loop
      vertex 14.5 2.5 8
      vertex 18 6.65 8
      vertex 17.867 6.66046 8
    endloop
  endfacet
  facet normal 0 0 1
    outer loop
      vertex 14.5 2.5 8
      vertex 17.867 6.66046 8
      vertex 17.7373 6.6916 8
    endloop
  endfacet
  facet normal 0 0 1
    outer loop
      vertex 14.5 2.5 8
      vertex 17.7373 6.6916 8
      vertex 17.6141 6.74264 8
    endloop
  endfacet
  facet normal 0 0 1
    outer loop
      vertex 14.5 2.5 8
      vertex 17.6141 6.74264 8
      vertex 17.5004 6.81234 8
    endloop
  endfacet
  facet normal 0 0 1
    outer loop
      vertex 14.5 6.8 8
      vertex 17.5004 6.81234 8
      vertex 17.399 6.89896 8
    endloop
  endfacet
  facet normal 0 0 1
    outer loop
      vertex 14.5 6.8 8
      vertex 17.1605 7.36703 8
      vertex 17.15 7.5 8
    endloop
  endfacet
  facet normal 0 0 1
    outer loop
      vertex 14.5 6.8 8
      vertex 17.1916 7.23734 8
      vertex 17.1605 7.36703 8
    endloop
  endfacet
  facet normal 0 0 1
    outer loop
      vertex 14.5 6.8 8
      vertex 17.2426 7.11411 8
      vertex 17.1916 7.23734 8
    endloop
  endfacet
  facet normal 0 0 1
    outer loop
      vertex 14.5 6.8 8
      vertex 17.3123 7.00038 8
      vertex 17.2426 7.11411 8
    endloop
  endfacet
  facet normal 0 0 1
    outer loop
      vertex 14.5 6.8 8
      vertex 17.399 6.89896 8
      vertex 17.3123 7.00038 8
    endloop
  endfacet
  facet normal 0 0 1
    outer loop
      vertex 17.5004 6.81234 8
      vertex 14.5 6.8 8
      vertex 14.5 2.5 8
    endloop
  endfacet
  facet normal 0 0 1
    outer loop
      vertex 18 6.65 8
      vertex 14.5 2.5 8
      vertex 22 2.5 8
    endloop
  endfacet
  facet normal -0 0 1
    outer loop
      vertex -17.1916 7.23734 8
      vertex -14.5 6.8 8
      vertex -17.1605 7.36703 8
    endloop
  endfacet
  facet normal -0 0 1
    outer loop
      vertex -17.2426 7.11411 8
      vertex -14.5 6.8 8
      vertex -17.1916 7.23734 8
    endloop
  endfacet
  facet normal -0 0 1
    outer loop
      vertex -17.3123 7.00038 8
      vertex -14.5 6.8 8
      vertex -17.2426 7.11411 8
    endloop
  endfacet
  facet normal -0 0 1
    outer loop
      vertex -17.399 6.89896 8
      vertex -14.5 6.8 8
      vertex -17.3123 7.00038 8
    endloop
  endfacet
  facet normal -0 0 1
    outer loop
      vertex -17.5004 6.81234 8
      vertex -14.5 6.8 8
      vertex -17.399 6.89896 8
    endloop
  endfacet
  facet normal 0 0 1
    outer loop
      vertex -14.5 6.8 8
      vertex -17.5004 6.81234 8
      vertex -14.5 2.5 8
    endloop
  endfacet
  facet normal -0 0 1
    outer loop
      vertex -17.6141 6.74264 8
      vertex -14.5 2.5 8
      vertex -17.5004 6.81234 8
    endloop
  endfacet
  facet normal -0 0 1
    outer loop
      vertex -17.7373 6.6916 8
      vertex -14.5 2.5 8
      vertex -17.6141 6.74264 8
    endloop
  endfacet
  facet normal -0 0 1
    outer loop
      vertex -17.867 6.66046 8
      vertex -14.5 2.5 8
      vertex -17.7373 6.6916 8
    endloop
  endfacet
  facet normal -0 0 1
    outer loop
      vertex -18 6.65 8
      vertex -14.5 2.5 8
      vertex -17.867 6.66046 8
    endloop
  endfacet
  facet normal 0 0 1
    outer loop
      vertex -22 2.5 8
      vertex -18 6.65 8
      vertex -18.133 6.66046 8
    endloop
  endfacet
  facet normal 0 0 1
    outer loop
      vertex -22 2.5 8
      vertex -18.133 6.66046 8
      vertex -18.2627 6.6916 8
    endloop
  endfacet
  facet normal 0 0 1
    outer loop
      vertex -22 2.5 8
      vertex -18.2627 6.6916 8
      vertex -18.3859 6.74264 8
    endloop
  endfacet
  facet normal 0 0 1
    outer loop
      vertex -22 2.5 8
      vertex -18.3859 6.74264 8
      vertex -18.4996 6.81234 8
    endloop
  endfacet
  facet normal 0 0 1
    outer loop
      vertex -22 2.5 8
      vertex -18.4996 6.81234 8
      vertex -18.601 6.89896 8
    endloop
  endfacet
  facet normal 0 0 1
    outer loop
      vertex -18.8395 7.63297 8
      vertex -22 2.5 8
      vertex -18.85 7.5 8
    endloop
  endfacet
  facet normal 0 0 1
    outer loop
      vertex -18.85 7.5 8
      vertex -22 2.5 8
      vertex -18.8395 7.36703 8
    endloop
  endfacet
  facet normal 0 0 1
    outer loop
      vertex -18.8395 7.36703 8
      vertex -22 2.5 8
      vertex -18.8084 7.23734 8
    endloop
  endfacet
  facet normal 0 0 1
    outer loop
      vertex -18 6.65 8
      vertex -22 2.5 8
      vertex -14.5 2.5 8
    endloop
  endfacet
  facet normal 0 0 1
    outer loop
      vertex -18.6877 7.00038 8
      vertex -22 2.5 8
      vertex -18.601 6.89896 8
    endloop
  endfacet
  facet normal 0 0 1
    outer loop
      vertex -18.7574 7.11411 8
      vertex -22 2.5 8
      vertex -18.6877 7.00038 8
    endloop
  endfacet
  facet normal 0 0 1
    outer loop
      vertex -18.8084 7.23734 8
      vertex -22 2.5 8
      vertex -18.7574 7.11411 8
    endloop
  endfacet
  facet normal 0 1 -0
    outer loop
      vertex 22 14.5 5.5
      vertex -22 14.5 8
      vertex 22 14.5 8
    endloop
  endfacet
  facet normal 0 1 0
    outer loop
      vertex -22 14.5 8
      vertex 22 14.5 5.5
      vertex -22 14.5 5.5
    endloop
  endfacet
  facet normal -1 0 0
    outer loop
      vertex 14.5 2.5 5.5
      vertex 14.5 6.8 8
      vertex 14.5 6.8 5.5
    endloop
  endfacet
  facet normal -1 -0 0
    outer loop
      vertex 14.5 6.8 8
      vertex 14.5 2.5 5.5
      vertex 14.5 2.5 8
    endloop
  endfacet
  facet normal 1 -0 0
    outer loop
      vertex -14.5 2.5 8
      vertex -14.5 6.8 5.5
      vertex -14.5 6.8 8
    endloop
  endfacet
  facet normal 1 0 0
    outer loop
      vertex -14.5 6.8 5.5
      vertex -14.5 2.5 8
      vertex -14.5 2.5 5.5
    endloop
  endfacet
  facet normal 0 -1 0
    outer loop
      vertex -14.5 6.8 5.5
      vertex 14.5 6.8 8
      vertex -14.5 6.8 8
    endloop
  endfacet
  facet normal 0 -1 -0
    outer loop
      vertex 14.5 6.8 8
      vertex -14.5 6.8 5.5
      vertex 14.5 6.8 5.5
    endloop
  endfacet
  facet normal 0.923847 -0.382762 0
    outer loop
      vertex -15.0217 3.49443 41
      vertex -14.9256 3.72638 39
      vertex -14.9256 3.72638 41
    endloop
  endfacet
  facet normal 0.923847 -0.382762 0
    outer loop
      vertex -14.9256 3.72638 39
      vertex -15.0217 3.49443 41
      vertex -15.0217 3.49443 39
    endloop
  endfacet
  facet normal 0.0784629 0.996917 -0
    outer loop
      vertex -13.5 1.4 28
      vertex -13.7503 1.4197 34
      vertex -13.5 1.4 34
    endloop
  endfacet
  facet normal 0.0784629 0.996917 0
    outer loop
      vertex -13.7503 1.4197 34
      vertex -13.5 1.4 28
      vertex -13.7503 1.4197 28
    endloop
  endfacet
  facet normal 0.0784629 0.996917 -0
    outer loop
      vertex -13.5 1.4 39
      vertex -13.7503 1.4197 41
      vertex -13.5 1.4 41
    endloop
  endfacet
  facet normal 0.0784629 0.996917 0
    outer loop
      vertex -13.7503 1.4197 41
      vertex -13.5 1.4 39
      vertex -13.7503 1.4197 39
    endloop
  endfacet
  facet normal -0.972382 -0.233397 0
    outer loop
      vertex -11.9197 3.25029 39
      vertex -11.9783 3.49443 41
      vertex -11.9783 3.49443 39
    endloop
  endfacet
  facet normal -0.972382 -0.233397 0
    outer loop
      vertex -11.9783 3.49443 41
      vertex -11.9197 3.25029 39
      vertex -11.9197 3.25029 41
    endloop
  endfacet
  facet normal -0.996917 -0.078466 0
    outer loop
      vertex -11.9 3 39
      vertex -11.9197 3.25029 41
      vertex -11.9197 3.25029 39
    endloop
  endfacet
  facet normal -0.996917 -0.078466 0
    outer loop
      vertex -11.9197 3.25029 41
      vertex -11.9 3 39
      vertex -11.9 3 41
    endloop
  endfacet
  facet normal -0.972379 0.233406 0
    outer loop
      vertex -11.9783 2.50557 39
      vertex -11.9197 2.7497 41
      vertex -11.9197 2.7497 39
    endloop
  endfacet
  facet normal -0.972379 0.233406 0
    outer loop
      vertex -11.9197 2.7497 41
      vertex -11.9783 2.50557 39
      vertex -11.9783 2.50557 41
    endloop
  endfacet
  facet normal 0.996917 0.0784629 0
    outer loop
      vertex -15.0803 2.7497 41
      vertex -15.1 3 39
      vertex -15.1 3 41
    endloop
  endfacet
  facet normal 0.996917 0.0784629 0
    outer loop
      vertex -15.1 3 39
      vertex -15.0803 2.7497 41
      vertex -15.0803 2.7497 39
    endloop
  endfacet
  facet normal -0.996917 0.0784629 0
    outer loop
      vertex -11.9197 2.7497 39
      vertex -11.9 3 41
      vertex -11.9 3 39
    endloop
  endfacet
  facet normal -0.996917 0.0784629 0
    outer loop
      vertex -11.9 3 41
      vertex -11.9197 2.7497 39
      vertex -11.9197 2.7497 41
    endloop
  endfacet
  facet normal 0.0784629 -0.996917 0
    outer loop
      vertex -13.7503 4.5803 39
      vertex -13.5 4.6 41
      vertex -13.7503 4.5803 41
    endloop
  endfacet
  facet normal 0.0784629 -0.996917 0
    outer loop
      vertex -13.5 4.6 41
      vertex -13.7503 4.5803 39
      vertex -13.5 4.6 39
    endloop
  endfacet
  facet normal -0.0784629 -0.996917 0
    outer loop
      vertex -13.5 4.6 39
      vertex -13.2497 4.5803 41
      vertex -13.5 4.6 41
    endloop
  endfacet
  facet normal -0.0784629 -0.996917 -0
    outer loop
      vertex -13.2497 4.5803 41
      vertex -13.5 4.6 39
      vertex -13.2497 4.5803 39
    endloop
  endfacet
  facet normal 0 0 1
    outer loop
      vertex -11.9806 2.5 28
      vertex -12.2056 2.05954 28
      vertex -12.0744 2.27361 28
    endloop
  endfacet
  facet normal 0 0 1
    outer loop
      vertex -11.9806 2.5 28
      vertex -12.3686 1.86863 28
      vertex -12.2056 2.05954 28
    endloop
  endfacet
  facet normal 0 0 1
    outer loop
      vertex -11.9806 2.5 28
      vertex -12.5595 1.70557 28
      vertex -12.3686 1.86863 28
    endloop
  endfacet
  facet normal 0 0 1
    outer loop
      vertex -11.9806 2.5 28
      vertex -12.7736 1.57439 28
      vertex -12.5595 1.70557 28
    endloop
  endfacet
  facet normal 0 0 1
    outer loop
      vertex -11.9806 2.5 28
      vertex -13.0056 1.47831 28
      vertex -12.7736 1.57439 28
    endloop
  endfacet
  facet normal 0 0 1
    outer loop
      vertex -11.9806 2.5 28
      vertex -13.2497 1.4197 28
      vertex -13.0056 1.47831 28
    endloop
  endfacet
  facet normal 0 0 1
    outer loop
      vertex -11.9806 2.5 28
      vertex -13.5 1.4 28
      vertex -13.2497 1.4197 28
    endloop
  endfacet
  facet normal 0 0 1
    outer loop
      vertex -11.9806 2.5 28
      vertex -13.7503 1.4197 28
      vertex -13.5 1.4 28
    endloop
  endfacet
  facet normal 0 0 1
    outer loop
      vertex -11.9806 2.5 28
      vertex -13.9944 1.47831 28
      vertex -13.7503 1.4197 28
    endloop
  endfacet
  facet normal 0 0 1
    outer loop
      vertex -11.9806 2.5 28
      vertex -14.2264 1.57439 28
      vertex -13.9944 1.47831 28
    endloop
  endfacet
  facet normal 0 0 1
    outer loop
      vertex -11.9806 2.5 28
      vertex -14.4405 1.70557 28
      vertex -14.2264 1.57439 28
    endloop
  endfacet
  facet normal 0 0 1
    outer loop
      vertex -11.9806 2.5 28
      vertex -14.6314 1.86863 28
      vertex -14.4405 1.70557 28
    endloop
  endfacet
  facet normal 0 0 1
    outer loop
      vertex -11.9806 2.5 28
      vertex -14.7944 2.05954 28
      vertex -14.6314 1.86863 28
    endloop
  endfacet
  facet normal 0 0 1
    outer loop
      vertex -11.9806 2.5 28
      vertex -14.9256 2.27361 28
      vertex -14.7944 2.05954 28
    endloop
  endfacet
  facet normal 0 -0 1
    outer loop
      vertex -14.9256 2.27361 28
      vertex -11.9806 2.5 28
      vertex -15.0194 2.5 28
    endloop
  endfacet
  facet normal -0.852609 0.52255 0
    outer loop
      vertex -12.2056 2.05954 28
      vertex -12.0744 2.27361 34
      vertex -12.0744 2.27361 28
    endloop
  endfacet
  facet normal -0.852609 0.52255 0
    outer loop
      vertex -12.0744 2.27361 34
      vertex -12.2056 2.05954 28
      vertex -12.2056 2.05954 34
    endloop
  endfacet
  facet normal -0.852609 0.52255 0
    outer loop
      vertex -12.2056 2.05954 39
      vertex -12.0744 2.27361 41
      vertex -12.0744 2.27361 39
    endloop
  endfacet
  facet normal -0.852609 0.52255 0
    outer loop
      vertex -12.0744 2.27361 41
      vertex -12.2056 2.05954 39
      vertex -12.2056 2.05954 41
    endloop
  endfacet
  facet normal -0.382624 0.923904 0
    outer loop
      vertex -12.7736 1.57439 28
      vertex -13.0056 1.47831 34
      vertex -12.7736 1.57439 34
    endloop
  endfacet
  facet normal -0.382624 0.923904 0
    outer loop
      vertex -13.0056 1.47831 34
      vertex -12.7736 1.57439 28
      vertex -13.0056 1.47831 28
    endloop
  endfacet
  facet normal -0.382624 0.923904 0
    outer loop
      vertex -12.7736 1.57439 39
      vertex -13.0056 1.47831 41
      vertex -12.7736 1.57439 41
    endloop
  endfacet
  facet normal -0.382624 0.923904 0
    outer loop
      vertex -13.0056 1.47831 41
      vertex -12.7736 1.57439 39
      vertex -13.0056 1.47831 39
    endloop
  endfacet
  facet normal 0.233471 -0.972364 0
    outer loop
      vertex -13.9944 4.52169 39
      vertex -13.7503 4.5803 41
      vertex -13.9944 4.52169 41
    endloop
  endfacet
  facet normal 0.233471 -0.972364 0
    outer loop
      vertex -13.7503 4.5803 41
      vertex -13.9944 4.52169 39
      vertex -13.7503 4.5803 39
    endloop
  endfacet
  facet normal 0.649485 -0.760374 0
    outer loop
      vertex -14.6314 4.13137 39
      vertex -14.4405 4.29443 41
      vertex -14.6314 4.13137 41
    endloop
  endfacet
  facet normal 0.649485 -0.760374 0
    outer loop
      vertex -14.4405 4.29443 41
      vertex -14.6314 4.13137 39
      vertex -14.4405 4.29443 39
    endloop
  endfacet
  facet normal 0.972379 0.233406 0
    outer loop
      vertex -15.0217 2.50557 41
      vertex -15.0803 2.7497 39
      vertex -15.0803 2.7497 41
    endloop
  endfacet
  facet normal 0.972379 0.233406 0
    outer loop
      vertex -15.0803 2.7497 39
      vertex -15.0217 2.50557 41
      vertex -15.0217 2.50557 39
    endloop
  endfacet
  facet normal 0.522439 0.852677 -0
    outer loop
      vertex -14.2264 1.57439 28
      vertex -14.4405 1.70557 34
      vertex -14.2264 1.57439 34
    endloop
  endfacet
  facet normal 0.522439 0.852677 0
    outer loop
      vertex -14.4405 1.70557 34
      vertex -14.2264 1.57439 28
      vertex -14.4405 1.70557 28
    endloop
  endfacet
  facet normal 0.522439 0.852677 -0
    outer loop
      vertex -14.2264 1.57439 39
      vertex -14.4405 1.70557 41
      vertex -14.2264 1.57439 41
    endloop
  endfacet
  facet normal 0.522439 0.852677 0
    outer loop
      vertex -14.4405 1.70557 41
      vertex -14.2264 1.57439 39
      vertex -14.4405 1.70557 39
    endloop
  endfacet
  facet normal 0.382624 0.923904 -0
    outer loop
      vertex -13.9944 1.47831 28
      vertex -14.2264 1.57439 34
      vertex -13.9944 1.47831 34
    endloop
  endfacet
  facet normal 0.382624 0.923904 0
    outer loop
      vertex -14.2264 1.57439 34
      vertex -13.9944 1.47831 28
      vertex -14.2264 1.57439 28
    endloop
  endfacet
  facet normal 0.382624 0.923904 -0
    outer loop
      vertex -13.9944 1.47831 39
      vertex -14.2264 1.57439 41
      vertex -13.9944 1.47831 41
    endloop
  endfacet
  facet normal 0.382624 0.923904 0
    outer loop
      vertex -14.2264 1.57439 41
      vertex -13.9944 1.47831 39
      vertex -14.2264 1.57439 39
    endloop
  endfacet
  facet normal -0.382624 -0.923904 0
    outer loop
      vertex -13.0056 4.52169 39
      vertex -12.7736 4.42561 41
      vertex -13.0056 4.52169 41
    endloop
  endfacet
  facet normal -0.382624 -0.923904 -0
    outer loop
      vertex -12.7736 4.42561 41
      vertex -13.0056 4.52169 39
      vertex -12.7736 4.42561 39
    endloop
  endfacet
  facet normal -0.233471 -0.972364 0
    outer loop
      vertex -13.2497 4.5803 39
      vertex -13.0056 4.52169 41
      vertex -13.2497 4.5803 41
    endloop
  endfacet
  facet normal -0.233471 -0.972364 -0
    outer loop
      vertex -13.0056 4.52169 41
      vertex -13.2497 4.5803 39
      vertex -13.0056 4.52169 39
    endloop
  endfacet
  facet normal 0.923842 0.382775 0
    outer loop
      vertex -14.9256 2.27361 34
      vertex -15.0194 2.5 28
      vertex -15.0194 2.5 34
    endloop
  endfacet
  facet normal 0.923842 0.382775 0
    outer loop
      vertex -15.0194 2.5 28
      vertex -14.9256 2.27361 34
      vertex -14.9256 2.27361 28
    endloop
  endfacet
  facet normal 0.923853 0.382748 0
    outer loop
      vertex -14.9256 2.27361 41
      vertex -15.0217 2.50557 39
      vertex -15.0217 2.50557 41
    endloop
  endfacet
  facet normal 0.923853 0.382748 0
    outer loop
      vertex -15.0217 2.50557 39
      vertex -14.9256 2.27361 41
      vertex -14.9256 2.27361 39
    endloop
  endfacet
  facet normal -0.649485 -0.760374 0
    outer loop
      vertex -12.5595 4.29443 39
      vertex -12.3686 4.13137 41
      vertex -12.5595 4.29443 41
    endloop
  endfacet
  facet normal -0.649485 -0.760374 -0
    outer loop
      vertex -12.3686 4.13137 41
      vertex -12.5595 4.29443 39
      vertex -12.3686 4.13137 39
    endloop
  endfacet
  facet normal 0.382624 -0.923904 0
    outer loop
      vertex -14.2264 4.42561 39
      vertex -13.9944 4.52169 41
      vertex -14.2264 4.42561 41
    endloop
  endfacet
  facet normal 0.382624 -0.923904 0
    outer loop
      vertex -13.9944 4.52169 41
      vertex -14.2264 4.42561 39
      vertex -13.9944 4.52169 39
    endloop
  endfacet
  facet normal -0.760509 -0.649327 0
    outer loop
      vertex -12.2056 3.94046 39
      vertex -12.3686 4.13137 41
      vertex -12.3686 4.13137 39
    endloop
  endfacet
  facet normal -0.760509 -0.649327 0
    outer loop
      vertex -12.3686 4.13137 41
      vertex -12.2056 3.94046 39
      vertex -12.2056 3.94046 41
    endloop
  endfacet
  facet normal -0.233471 0.972364 0
    outer loop
      vertex -13.0056 1.47831 28
      vertex -13.2497 1.4197 34
      vertex -13.0056 1.47831 34
    endloop
  endfacet
  facet normal -0.233471 0.972364 0
    outer loop
      vertex -13.2497 1.4197 34
      vertex -13.0056 1.47831 28
      vertex -13.2497 1.4197 28
    endloop
  endfacet
  facet normal -0.233471 0.972364 0
    outer loop
      vertex -13.0056 1.47831 39
      vertex -13.2497 1.4197 41
      vertex -13.0056 1.47831 41
    endloop
  endfacet
  facet normal -0.233471 0.972364 0
    outer loop
      vertex -13.2497 1.4197 41
      vertex -13.0056 1.47831 39
      vertex -13.2497 1.4197 39
    endloop
  endfacet
  facet normal 0.233471 0.972364 -0
    outer loop
      vertex -13.7503 1.4197 28
      vertex -13.9944 1.47831 34
      vertex -13.7503 1.4197 34
    endloop
  endfacet
  facet normal 0.233471 0.972364 0
    outer loop
      vertex -13.9944 1.47831 34
      vertex -13.7503 1.4197 28
      vertex -13.9944 1.47831 28
    endloop
  endfacet
  facet normal 0.233471 0.972364 -0
    outer loop
      vertex -13.7503 1.4197 39
      vertex -13.9944 1.47831 41
      vertex -13.7503 1.4197 41
    endloop
  endfacet
  facet normal 0.233471 0.972364 0
    outer loop
      vertex -13.9944 1.47831 41
      vertex -13.7503 1.4197 39
      vertex -13.9944 1.47831 39
    endloop
  endfacet
  facet normal 0.760509 -0.649327 0
    outer loop
      vertex -14.7944 3.94046 41
      vertex -14.6314 4.13137 39
      vertex -14.6314 4.13137 41
    endloop
  endfacet
  facet normal 0.760509 -0.649327 0
    outer loop
      vertex -14.6314 4.13137 39
      vertex -14.7944 3.94046 41
      vertex -14.7944 3.94046 39
    endloop
  endfacet
  facet normal 0.852609 0.52255 0
    outer loop
      vertex -14.7944 2.05954 34
      vertex -14.9256 2.27361 28
      vertex -14.9256 2.27361 34
    endloop
  endfacet
  facet normal 0.852609 0.52255 0
    outer loop
      vertex -14.9256 2.27361 28
      vertex -14.7944 2.05954 34
      vertex -14.7944 2.05954 28
    endloop
  endfacet
  facet normal 0.852609 0.52255 0
    outer loop
      vertex -14.7944 2.05954 41
      vertex -14.9256 2.27361 39
      vertex -14.9256 2.27361 41
    endloop
  endfacet
  facet normal 0.852609 0.52255 0
    outer loop
      vertex -14.9256 2.27361 39
      vertex -14.7944 2.05954 41
      vertex -14.7944 2.05954 39
    endloop
  endfacet
  facet normal -0.522439 -0.852677 0
    outer loop
      vertex -12.7736 4.42561 39
      vertex -12.5595 4.29443 41
      vertex -12.7736 4.42561 41
    endloop
  endfacet
  facet normal -0.522439 -0.852677 -0
    outer loop
      vertex -12.5595 4.29443 41
      vertex -12.7736 4.42561 39
      vertex -12.5595 4.29443 39
    endloop
  endfacet
  facet normal -0.522439 0.852677 0
    outer loop
      vertex -12.5595 1.70557 28
      vertex -12.7736 1.57439 34
      vertex -12.5595 1.70557 34
    endloop
  endfacet
  facet normal -0.522439 0.852677 0
    outer loop
      vertex -12.7736 1.57439 34
      vertex -12.5595 1.70557 28
      vertex -12.7736 1.57439 28
    endloop
  endfacet
  facet normal -0.522439 0.852677 0
    outer loop
      vertex -12.5595 1.70557 39
      vertex -12.7736 1.57439 41
      vertex -12.5595 1.70557 41
    endloop
  endfacet
  facet normal -0.522439 0.852677 0
    outer loop
      vertex -12.7736 1.57439 41
      vertex -12.5595 1.70557 39
      vertex -12.7736 1.57439 39
    endloop
  endfacet
  facet normal 0.522439 -0.852677 0
    outer loop
      vertex -14.4405 4.29443 39
      vertex -14.2264 4.42561 41
      vertex -14.4405 4.29443 41
    endloop
  endfacet
  facet normal 0.522439 -0.852677 0
    outer loop
      vertex -14.2264 4.42561 41
      vertex -14.4405 4.29443 39
      vertex -14.2264 4.42561 39
    endloop
  endfacet
  facet normal -0.85262 -0.522532 0
    outer loop
      vertex -12.0744 3.72638 39
      vertex -12.2056 3.94046 41
      vertex -12.2056 3.94046 39
    endloop
  endfacet
  facet normal -0.85262 -0.522532 0
    outer loop
      vertex -12.2056 3.94046 41
      vertex -12.0744 3.72638 39
      vertex -12.0744 3.72638 41
    endloop
  endfacet
  facet normal 0.760509 0.649327 0
    outer loop
      vertex -14.6314 1.86863 34
      vertex -14.7944 2.05954 28
      vertex -14.7944 2.05954 34
    endloop
  endfacet
  facet normal 0.760509 0.649327 0
    outer loop
      vertex -14.7944 2.05954 28
      vertex -14.6314 1.86863 34
      vertex -14.6314 1.86863 28
    endloop
  endfacet
  facet normal 0.760509 0.649327 0
    outer loop
      vertex -14.6314 1.86863 41
      vertex -14.7944 2.05954 39
      vertex -14.7944 2.05954 41
    endloop
  endfacet
  facet normal 0.760509 0.649327 0
    outer loop
      vertex -14.7944 2.05954 39
      vertex -14.6314 1.86863 41
      vertex -14.6314 1.86863 39
    endloop
  endfacet
  facet normal -0.923842 0.382775 0
    outer loop
      vertex -12.0744 2.27361 28
      vertex -11.9806 2.5 34
      vertex -11.9806 2.5 28
    endloop
  endfacet
  facet normal -0.923842 0.382775 0
    outer loop
      vertex -11.9806 2.5 34
      vertex -12.0744 2.27361 28
      vertex -12.0744 2.27361 34
    endloop
  endfacet
  facet normal -0.923853 0.382748 0
    outer loop
      vertex -12.0744 2.27361 39
      vertex -11.9783 2.50557 41
      vertex -11.9783 2.50557 39
    endloop
  endfacet
  facet normal -0.923853 0.382748 0
    outer loop
      vertex -11.9783 2.50557 41
      vertex -12.0744 2.27361 39
      vertex -12.0744 2.27361 41
    endloop
  endfacet
  facet normal 0.649485 0.760374 -0
    outer loop
      vertex -14.4405 1.70557 28
      vertex -14.6314 1.86863 34
      vertex -14.4405 1.70557 34
    endloop
  endfacet
  facet normal 0.649485 0.760374 0
    outer loop
      vertex -14.6314 1.86863 34
      vertex -14.4405 1.70557 28
      vertex -14.6314 1.86863 28
    endloop
  endfacet
  facet normal 0.649485 0.760374 -0
    outer loop
      vertex -14.4405 1.70557 39
      vertex -14.6314 1.86863 41
      vertex -14.4405 1.70557 41
    endloop
  endfacet
  facet normal 0.649485 0.760374 0
    outer loop
      vertex -14.6314 1.86863 41
      vertex -14.4405 1.70557 39
      vertex -14.6314 1.86863 39
    endloop
  endfacet
  facet normal -0.760509 0.649327 0
    outer loop
      vertex -12.3686 1.86863 28
      vertex -12.2056 2.05954 34
      vertex -12.2056 2.05954 28
    endloop
  endfacet
  facet normal -0.760509 0.649327 0
    outer loop
      vertex -12.2056 2.05954 34
      vertex -12.3686 1.86863 28
      vertex -12.3686 1.86863 34
    endloop
  endfacet
  facet normal -0.760509 0.649327 0
    outer loop
      vertex -12.3686 1.86863 39
      vertex -12.2056 2.05954 41
      vertex -12.2056 2.05954 39
    endloop
  endfacet
  facet normal -0.760509 0.649327 0
    outer loop
      vertex -12.2056 2.05954 41
      vertex -12.3686 1.86863 39
      vertex -12.3686 1.86863 41
    endloop
  endfacet
  facet normal -0.649485 0.760374 0
    outer loop
      vertex -12.3686 1.86863 28
      vertex -12.5595 1.70557 34
      vertex -12.3686 1.86863 34
    endloop
  endfacet
  facet normal -0.649485 0.760374 0
    outer loop
      vertex -12.5595 1.70557 34
      vertex -12.3686 1.86863 28
      vertex -12.5595 1.70557 28
    endloop
  endfacet
  facet normal -0.649485 0.760374 0
    outer loop
      vertex -12.3686 1.86863 39
      vertex -12.5595 1.70557 41
      vertex -12.3686 1.86863 41
    endloop
  endfacet
  facet normal -0.649485 0.760374 0
    outer loop
      vertex -12.5595 1.70557 41
      vertex -12.3686 1.86863 39
      vertex -12.5595 1.70557 39
    endloop
  endfacet
  facet normal 0.972382 -0.233397 0
    outer loop
      vertex -15.0803 3.25029 41
      vertex -15.0217 3.49443 39
      vertex -15.0217 3.49443 41
    endloop
  endfacet
  facet normal 0.972382 -0.233397 0
    outer loop
      vertex -15.0217 3.49443 39
      vertex -15.0803 3.25029 41
      vertex -15.0803 3.25029 39
    endloop
  endfacet
  facet normal 0.85262 -0.522532 0
    outer loop
      vertex -14.9256 3.72638 41
      vertex -14.7944 3.94046 39
      vertex -14.7944 3.94046 41
    endloop
  endfacet
  facet normal 0.85262 -0.522532 0
    outer loop
      vertex -14.7944 3.94046 39
      vertex -14.9256 3.72638 41
      vertex -14.9256 3.72638 39
    endloop
  endfacet
  facet normal -0.923847 -0.382762 0
    outer loop
      vertex -11.9783 3.49443 39
      vertex -12.0744 3.72638 41
      vertex -12.0744 3.72638 39
    endloop
  endfacet
  facet normal -0.923847 -0.382762 0
    outer loop
      vertex -12.0744 3.72638 41
      vertex -11.9783 3.49443 39
      vertex -11.9783 3.49443 41
    endloop
  endfacet
  facet normal 0.996917 -0.078466 0
    outer loop
      vertex -15.1 3 41
      vertex -15.0803 3.25029 39
      vertex -15.0803 3.25029 41
    endloop
  endfacet
  facet normal 0.996917 -0.078466 0
    outer loop
      vertex -15.0803 3.25029 39
      vertex -15.1 3 41
      vertex -15.1 3 39
    endloop
  endfacet
  facet normal -0.0784629 0.996917 0
    outer loop
      vertex -13.2497 1.4197 28
      vertex -13.5 1.4 34
      vertex -13.2497 1.4197 34
    endloop
  endfacet
  facet normal -0.0784629 0.996917 0
    outer loop
      vertex -13.5 1.4 34
      vertex -13.2497 1.4197 28
      vertex -13.5 1.4 28
    endloop
  endfacet
  facet normal -0.0784629 0.996917 0
    outer loop
      vertex -13.2497 1.4197 39
      vertex -13.5 1.4 41
      vertex -13.2497 1.4197 41
    endloop
  endfacet
  facet normal -0.0784629 0.996917 0
    outer loop
      vertex -13.5 1.4 41
      vertex -13.2497 1.4197 39
      vertex -13.5 1.4 39
    endloop
  endfacet
  facet normal -1 0 0
    outer loop
      vertex -11 0 34
      vertex -11 2.5 39
      vertex -11 2.5 34
    endloop
  endfacet
  facet normal -1 -0 0
    outer loop
      vertex -11 2.5 39
      vertex -11 0 34
      vertex -11 0 39
    endloop
  endfacet
  facet normal 0 0 1
    outer loop
      vertex -12.0744 2.27361 34
      vertex -11 2.5 34
      vertex -11.9806 2.5 34
    endloop
  endfacet
  facet normal 0 0 1
    outer loop
      vertex -12.2056 2.05954 34
      vertex -11 2.5 34
      vertex -12.0744 2.27361 34
    endloop
  endfacet
  facet normal 0 0 1
    outer loop
      vertex -11 2.5 34
      vertex -12.2056 2.05954 34
      vertex -11 0 34
    endloop
  endfacet
  facet normal -0 0 1
    outer loop
      vertex -12.3686 1.86863 34
      vertex -11 0 34
      vertex -12.2056 2.05954 34
    endloop
  endfacet
  facet normal -0 0 1
    outer loop
      vertex -12.5595 1.70557 34
      vertex -11 0 34
      vertex -12.3686 1.86863 34
    endloop
  endfacet
  facet normal -0 0 1
    outer loop
      vertex -12.7736 1.57439 34
      vertex -11 0 34
      vertex -12.5595 1.70557 34
    endloop
  endfacet
  facet normal -0 0 1
    outer loop
      vertex -13.0056 1.47831 34
      vertex -11 0 34
      vertex -12.7736 1.57439 34
    endloop
  endfacet
  facet normal -0 0 1
    outer loop
      vertex -13.2497 1.4197 34
      vertex -11 0 34
      vertex -13.0056 1.47831 34
    endloop
  endfacet
  facet normal -0 0 1
    outer loop
      vertex -13.5 1.4 34
      vertex -11 0 34
      vertex -13.2497 1.4197 34
    endloop
  endfacet
  facet normal 0 0 1
    outer loop
      vertex -16 0 34
      vertex -13.5 1.4 34
      vertex -13.7503 1.4197 34
    endloop
  endfacet
  facet normal 0 0 1
    outer loop
      vertex -16 0 34
      vertex -13.7503 1.4197 34
      vertex -13.9944 1.47831 34
    endloop
  endfacet
  facet normal 0 0 1
    outer loop
      vertex -16 0 34
      vertex -13.9944 1.47831 34
      vertex -14.2264 1.57439 34
    endloop
  endfacet
  facet normal -0 0 1
    outer loop
      vertex -16 2.5 34
      vertex -14.9256 2.27361 34
      vertex -15.0194 2.5 34
    endloop
  endfacet
  facet normal 0 0 1
    outer loop
      vertex -16 2.5 34
      vertex -14.7944 2.05954 34
      vertex -14.9256 2.27361 34
    endloop
  endfacet
  facet normal 0 0 1
    outer loop
      vertex -16 0 34
      vertex -14.7944 2.05954 34
      vertex -16 2.5 34
    endloop
  endfacet
  facet normal 0 0 1
    outer loop
      vertex -14.7944 2.05954 34
      vertex -16 0 34
      vertex -14.6314 1.86863 34
    endloop
  endfacet
  facet normal 0 0 1
    outer loop
      vertex -14.6314 1.86863 34
      vertex -16 0 34
      vertex -14.4405 1.70557 34
    endloop
  endfacet
  facet normal 0 0 1
    outer loop
      vertex -13.5 1.4 34
      vertex -16 0 34
      vertex -11 0 34
    endloop
  endfacet
  facet normal 0 0 1
    outer loop
      vertex -14.4405 1.70557 34
      vertex -16 0 34
      vertex -14.2264 1.57439 34
    endloop
  endfacet
  facet normal 1 -0 0
    outer loop
      vertex -16 0 39
      vertex -16 2.5 34
      vertex -16 2.5 39
    endloop
  endfacet
  facet normal 1 0 0
    outer loop
      vertex -16 2.5 34
      vertex -16 0 39
      vertex -16 0 34
    endloop
  endfacet
  facet normal 0.923847 -0.382762 0
    outer loop
      vertex 11.9783 3.49443 41
      vertex 12.0744 3.72638 39
      vertex 12.0744 3.72638 41
    endloop
  endfacet
  facet normal 0.923847 -0.382762 0
    outer loop
      vertex 12.0744 3.72638 39
      vertex 11.9783 3.49443 41
      vertex 11.9783 3.49443 39
    endloop
  endfacet
  facet normal 0.0784629 0.996917 -0
    outer loop
      vertex 13.5 1.4 28
      vertex 13.2497 1.4197 34
      vertex 13.5 1.4 34
    endloop
  endfacet
  facet normal 0.0784629 0.996917 0
    outer loop
      vertex 13.2497 1.4197 34
      vertex 13.5 1.4 28
      vertex 13.2497 1.4197 28
    endloop
  endfacet
  facet normal 0.0784629 0.996917 -0
    outer loop
      vertex 13.5 1.4 39
      vertex 13.2497 1.4197 41
      vertex 13.5 1.4 41
    endloop
  endfacet
  facet normal 0.0784629 0.996917 0
    outer loop
      vertex 13.2497 1.4197 41
      vertex 13.5 1.4 39
      vertex 13.2497 1.4197 39
    endloop
  endfacet
  facet normal -0.972382 -0.233397 0
    outer loop
      vertex 15.0803 3.25029 39
      vertex 15.0217 3.49443 41
      vertex 15.0217 3.49443 39
    endloop
  endfacet
  facet normal -0.972382 -0.233397 0
    outer loop
      vertex 15.0217 3.49443 41
      vertex 15.0803 3.25029 39
      vertex 15.0803 3.25029 41
    endloop
  endfacet
  facet normal -0.996917 -0.078466 0
    outer loop
      vertex 15.1 3 39
      vertex 15.0803 3.25029 41
      vertex 15.0803 3.25029 39
    endloop
  endfacet
  facet normal -0.996917 -0.078466 0
    outer loop
      vertex 15.0803 3.25029 41
      vertex 15.1 3 39
      vertex 15.1 3 41
    endloop
  endfacet
  facet normal -0.972379 0.233406 0
    outer loop
      vertex 15.0217 2.50557 39
      vertex 15.0803 2.7497 41
      vertex 15.0803 2.7497 39
    endloop
  endfacet
  facet normal -0.972379 0.233406 0
    outer loop
      vertex 15.0803 2.7497 41
      vertex 15.0217 2.50557 39
      vertex 15.0217 2.50557 41
    endloop
  endfacet
  facet normal 0.996917 0.0784629 0
    outer loop
      vertex 11.9197 2.7497 41
      vertex 11.9 3 39
      vertex 11.9 3 41
    endloop
  endfacet
  facet normal 0.996917 0.0784629 0
    outer loop
      vertex 11.9 3 39
      vertex 11.9197 2.7497 41
      vertex 11.9197 2.7497 39
    endloop
  endfacet
  facet normal -0.996917 0.0784629 0
    outer loop
      vertex 15.0803 2.7497 39
      vertex 15.1 3 41
      vertex 15.1 3 39
    endloop
  endfacet
  facet normal -0.996917 0.0784629 0
    outer loop
      vertex 15.1 3 41
      vertex 15.0803 2.7497 39
      vertex 15.0803 2.7497 41
    endloop
  endfacet
  facet normal 0.0784629 -0.996917 0
    outer loop
      vertex 13.2497 4.5803 39
      vertex 13.5 4.6 41
      vertex 13.2497 4.5803 41
    endloop
  endfacet
  facet normal 0.0784629 -0.996917 0
    outer loop
      vertex 13.5 4.6 41
      vertex 13.2497 4.5803 39
      vertex 13.5 4.6 39
    endloop
  endfacet
  facet normal -0.0784629 -0.996917 0
    outer loop
      vertex 13.5 4.6 39
      vertex 13.7503 4.5803 41
      vertex 13.5 4.6 41
    endloop
  endfacet
  facet normal -0.0784629 -0.996917 -0
    outer loop
      vertex 13.7503 4.5803 41
      vertex 13.5 4.6 39
      vertex 13.7503 4.5803 39
    endloop
  endfacet
  facet normal 0 0 1
    outer loop
      vertex 15.0194 2.5 28
      vertex 14.7944 2.05954 28
      vertex 14.9256 2.27361 28
    endloop
  endfacet
  facet normal 0 0 1
    outer loop
      vertex 15.0194 2.5 28
      vertex 14.6314 1.86863 28
      vertex 14.7944 2.05954 28
    endloop
  endfacet
  facet normal 0 0 1
    outer loop
      vertex 15.0194 2.5 28
      vertex 14.4405 1.70557 28
      vertex 14.6314 1.86863 28
    endloop
  endfacet
  facet normal 0 0 1
    outer loop
      vertex 15.0194 2.5 28
      vertex 14.2264 1.57439 28
      vertex 14.4405 1.70557 28
    endloop
  endfacet
  facet normal 0 0 1
    outer loop
      vertex 15.0194 2.5 28
      vertex 13.9944 1.47831 28
      vertex 14.2264 1.57439 28
    endloop
  endfacet
  facet normal 0 0 1
    outer loop
      vertex 15.0194 2.5 28
      vertex 13.7503 1.4197 28
      vertex 13.9944 1.47831 28
    endloop
  endfacet
  facet normal 0 0 1
    outer loop
      vertex 15.0194 2.5 28
      vertex 13.5 1.4 28
      vertex 13.7503 1.4197 28
    endloop
  endfacet
  facet normal 0 0 1
    outer loop
      vertex 15.0194 2.5 28
      vertex 13.2497 1.4197 28
      vertex 13.5 1.4 28
    endloop
  endfacet
  facet normal 0 0 1
    outer loop
      vertex 15.0194 2.5 28
      vertex 13.0056 1.47831 28
      vertex 13.2497 1.4197 28
    endloop
  endfacet
  facet normal 0 0 1
    outer loop
      vertex 15.0194 2.5 28
      vertex 12.7736 1.57439 28
      vertex 13.0056 1.47831 28
    endloop
  endfacet
  facet normal 0 0 1
    outer loop
      vertex 15.0194 2.5 28
      vertex 12.5595 1.70557 28
      vertex 12.7736 1.57439 28
    endloop
  endfacet
  facet normal 0 0 1
    outer loop
      vertex 15.0194 2.5 28
      vertex 12.3686 1.86863 28
      vertex 12.5595 1.70557 28
    endloop
  endfacet
  facet normal 0 0 1
    outer loop
      vertex 15.0194 2.5 28
      vertex 12.2056 2.05954 28
      vertex 12.3686 1.86863 28
    endloop
  endfacet
  facet normal 0 0 1
    outer loop
      vertex 15.0194 2.5 28
      vertex 12.0744 2.27361 28
      vertex 12.2056 2.05954 28
    endloop
  endfacet
  facet normal 0 -0 1
    outer loop
      vertex 12.0744 2.27361 28
      vertex 15.0194 2.5 28
      vertex 11.9806 2.5 28
    endloop
  endfacet
  facet normal -0.852609 0.52255 0
    outer loop
      vertex 14.7944 2.05954 28
      vertex 14.9256 2.27361 34
      vertex 14.9256 2.27361 28
    endloop
  endfacet
  facet normal -0.852609 0.52255 0
    outer loop
      vertex 14.9256 2.27361 34
      vertex 14.7944 2.05954 28
      vertex 14.7944 2.05954 34
    endloop
  endfacet
  facet normal -0.852609 0.52255 0
    outer loop
      vertex 14.7944 2.05954 39
      vertex 14.9256 2.27361 41
      vertex 14.9256 2.27361 39
    endloop
  endfacet
  facet normal -0.852609 0.52255 0
    outer loop
      vertex 14.9256 2.27361 41
      vertex 14.7944 2.05954 39
      vertex 14.7944 2.05954 41
    endloop
  endfacet
  facet normal -0.382624 0.923904 0
    outer loop
      vertex 14.2264 1.57439 28
      vertex 13.9944 1.47831 34
      vertex 14.2264 1.57439 34
    endloop
  endfacet
  facet normal -0.382624 0.923904 0
    outer loop
      vertex 13.9944 1.47831 34
      vertex 14.2264 1.57439 28
      vertex 13.9944 1.47831 28
    endloop
  endfacet
  facet normal -0.382624 0.923904 0
    outer loop
      vertex 14.2264 1.57439 39
      vertex 13.9944 1.47831 41
      vertex 14.2264 1.57439 41
    endloop
  endfacet
  facet normal -0.382624 0.923904 0
    outer loop
      vertex 13.9944 1.47831 41
      vertex 14.2264 1.57439 39
      vertex 13.9944 1.47831 39
    endloop
  endfacet
  facet normal 0.233471 -0.972364 0
    outer loop
      vertex 13.0056 4.52169 39
      vertex 13.2497 4.5803 41
      vertex 13.0056 4.52169 41
    endloop
  endfacet
  facet normal 0.233471 -0.972364 0
    outer loop
      vertex 13.2497 4.5803 41
      vertex 13.0056 4.52169 39
      vertex 13.2497 4.5803 39
    endloop
  endfacet
  facet normal 0.649485 -0.760374 0
    outer loop
      vertex 12.3686 4.13137 39
      vertex 12.5595 4.29443 41
      vertex 12.3686 4.13137 41
    endloop
  endfacet
  facet normal 0.649485 -0.760374 0
    outer loop
      vertex 12.5595 4.29443 41
      vertex 12.3686 4.13137 39
      vertex 12.5595 4.29443 39
    endloop
  endfacet
  facet normal 0.972379 0.233406 0
    outer loop
      vertex 11.9783 2.50557 41
      vertex 11.9197 2.7497 39
      vertex 11.9197 2.7497 41
    endloop
  endfacet
  facet normal 0.972379 0.233406 0
    outer loop
      vertex 11.9197 2.7497 39
      vertex 11.9783 2.50557 41
      vertex 11.9783 2.50557 39
    endloop
  endfacet
  facet normal 0.522439 0.852677 -0
    outer loop
      vertex 12.7736 1.57439 28
      vertex 12.5595 1.70557 34
      vertex 12.7736 1.57439 34
    endloop
  endfacet
  facet normal 0.522439 0.852677 0
    outer loop
      vertex 12.5595 1.70557 34
      vertex 12.7736 1.57439 28
      vertex 12.5595 1.70557 28
    endloop
  endfacet
  facet normal 0.522439 0.852677 -0
    outer loop
      vertex 12.7736 1.57439 39
      vertex 12.5595 1.70557 41
      vertex 12.7736 1.57439 41
    endloop
  endfacet
  facet normal 0.522439 0.852677 0
    outer loop
      vertex 12.5595 1.70557 41
      vertex 12.7736 1.57439 39
      vertex 12.5595 1.70557 39
    endloop
  endfacet
  facet normal 0.382624 0.923904 -0
    outer loop
      vertex 13.0056 1.47831 28
      vertex 12.7736 1.57439 34
      vertex 13.0056 1.47831 34
    endloop
  endfacet
  facet normal 0.382624 0.923904 0
    outer loop
      vertex 12.7736 1.57439 34
      vertex 13.0056 1.47831 28
      vertex 12.7736 1.57439 28
    endloop
  endfacet
  facet normal 0.382624 0.923904 -0
    outer loop
      vertex 13.0056 1.47831 39
      vertex 12.7736 1.57439 41
      vertex 13.0056 1.47831 41
    endloop
  endfacet
  facet normal 0.382624 0.923904 0
    outer loop
      vertex 12.7736 1.57439 41
      vertex 13.0056 1.47831 39
      vertex 12.7736 1.57439 39
    endloop
  endfacet
  facet normal -0.382624 -0.923904 0
    outer loop
      vertex 13.9944 4.52169 39
      vertex 14.2264 4.42561 41
      vertex 13.9944 4.52169 41
    endloop
  endfacet
  facet normal -0.382624 -0.923904 -0
    outer loop
      vertex 14.2264 4.42561 41
      vertex 13.9944 4.52169 39
      vertex 14.2264 4.42561 39
    endloop
  endfacet
  facet normal -0.233471 -0.972364 0
    outer loop
      vertex 13.7503 4.5803 39
      vertex 13.9944 4.52169 41
      vertex 13.7503 4.5803 41
    endloop
  endfacet
  facet normal -0.233471 -0.972364 -0
    outer loop
      vertex 13.9944 4.52169 41
      vertex 13.7503 4.5803 39
      vertex 13.9944 4.52169 39
    endloop
  endfacet
  facet normal 0.923842 0.382775 0
    outer loop
      vertex 12.0744 2.27361 34
      vertex 11.9806 2.5 28
      vertex 11.9806 2.5 34
    endloop
  endfacet
  facet normal 0.923842 0.382775 0
    outer loop
      vertex 11.9806 2.5 28
      vertex 12.0744 2.27361 34
      vertex 12.0744 2.27361 28
    endloop
  endfacet
  facet normal 0.923853 0.382748 0
    outer loop
      vertex 12.0744 2.27361 41
      vertex 11.9783 2.50557 39
      vertex 11.9783 2.50557 41
    endloop
  endfacet
  facet normal 0.923853 0.382748 0
    outer loop
      vertex 11.9783 2.50557 39
      vertex 12.0744 2.27361 41
      vertex 12.0744 2.27361 39
    endloop
  endfacet
  facet normal -0.649485 -0.760374 0
    outer loop
      vertex 14.4405 4.29443 39
      vertex 14.6314 4.13137 41
      vertex 14.4405 4.29443 41
    endloop
  endfacet
  facet normal -0.649485 -0.760374 -0
    outer loop
      vertex 14.6314 4.13137 41
      vertex 14.4405 4.29443 39
      vertex 14.6314 4.13137 39
    endloop
  endfacet
  facet normal 0.382624 -0.923904 0
    outer loop
      vertex 12.7736 4.42561 39
      vertex 13.0056 4.52169 41
      vertex 12.7736 4.42561 41
    endloop
  endfacet
  facet normal 0.382624 -0.923904 0
    outer loop
      vertex 13.0056 4.52169 41
      vertex 12.7736 4.42561 39
      vertex 13.0056 4.52169 39
    endloop
  endfacet
  facet normal -0.760509 -0.649327 0
    outer loop
      vertex 14.7944 3.94046 39
      vertex 14.6314 4.13137 41
      vertex 14.6314 4.13137 39
    endloop
  endfacet
  facet normal -0.760509 -0.649327 0
    outer loop
      vertex 14.6314 4.13137 41
      vertex 14.7944 3.94046 39
      vertex 14.7944 3.94046 41
    endloop
  endfacet
  facet normal -0.233471 0.972364 0
    outer loop
      vertex 13.9944 1.47831 28
      vertex 13.7503 1.4197 34
      vertex 13.9944 1.47831 34
    endloop
  endfacet
  facet normal -0.233471 0.972364 0
    outer loop
      vertex 13.7503 1.4197 34
      vertex 13.9944 1.47831 28
      vertex 13.7503 1.4197 28
    endloop
  endfacet
  facet normal -0.233471 0.972364 0
    outer loop
      vertex 13.9944 1.47831 39
      vertex 13.7503 1.4197 41
      vertex 13.9944 1.47831 41
    endloop
  endfacet
  facet normal -0.233471 0.972364 0
    outer loop
      vertex 13.7503 1.4197 41
      vertex 13.9944 1.47831 39
      vertex 13.7503 1.4197 39
    endloop
  endfacet
  facet normal 0.233471 0.972364 -0
    outer loop
      vertex 13.2497 1.4197 28
      vertex 13.0056 1.47831 34
      vertex 13.2497 1.4197 34
    endloop
  endfacet
  facet normal 0.233471 0.972364 0
    outer loop
      vertex 13.0056 1.47831 34
      vertex 13.2497 1.4197 28
      vertex 13.0056 1.47831 28
    endloop
  endfacet
  facet normal 0.233471 0.972364 -0
    outer loop
      vertex 13.2497 1.4197 39
      vertex 13.0056 1.47831 41
      vertex 13.2497 1.4197 41
    endloop
  endfacet
  facet normal 0.233471 0.972364 0
    outer loop
      vertex 13.0056 1.47831 41
      vertex 13.2497 1.4197 39
      vertex 13.0056 1.47831 39
    endloop
  endfacet
  facet normal 0.760509 -0.649327 0
    outer loop
      vertex 12.2056 3.94046 41
      vertex 12.3686 4.13137 39
      vertex 12.3686 4.13137 41
    endloop
  endfacet
  facet normal 0.760509 -0.649327 0
    outer loop
      vertex 12.3686 4.13137 39
      vertex 12.2056 3.94046 41
      vertex 12.2056 3.94046 39
    endloop
  endfacet
  facet normal 0.852609 0.52255 0
    outer loop
      vertex 12.2056 2.05954 34
      vertex 12.0744 2.27361 28
      vertex 12.0744 2.27361 34
    endloop
  endfacet
  facet normal 0.852609 0.52255 0
    outer loop
      vertex 12.0744 2.27361 28
      vertex 12.2056 2.05954 34
      vertex 12.2056 2.05954 28
    endloop
  endfacet
  facet normal 0.852609 0.52255 0
    outer loop
      vertex 12.2056 2.05954 41
      vertex 12.0744 2.27361 39
      vertex 12.0744 2.27361 41
    endloop
  endfacet
  facet normal 0.852609 0.52255 0
    outer loop
      vertex 12.0744 2.27361 39
      vertex 12.2056 2.05954 41
      vertex 12.2056 2.05954 39
    endloop
  endfacet
  facet normal -0.522439 -0.852677 0
    outer loop
      vertex 14.2264 4.42561 39
      vertex 14.4405 4.29443 41
      vertex 14.2264 4.42561 41
    endloop
  endfacet
  facet normal -0.522439 -0.852677 -0
    outer loop
      vertex 14.4405 4.29443 41
      vertex 14.2264 4.42561 39
      vertex 14.4405 4.29443 39
    endloop
  endfacet
  facet normal -0.522439 0.852677 0
    outer loop
      vertex 14.4405 1.70557 28
      vertex 14.2264 1.57439 34
      vertex 14.4405 1.70557 34
    endloop
  endfacet
  facet normal -0.522439 0.852677 0
    outer loop
      vertex 14.2264 1.57439 34
      vertex 14.4405 1.70557 28
      vertex 14.2264 1.57439 28
    endloop
  endfacet
  facet normal -0.522439 0.852677 0
    outer loop
      vertex 14.4405 1.70557 39
      vertex 14.2264 1.57439 41
      vertex 14.4405 1.70557 41
    endloop
  endfacet
  facet normal -0.522439 0.852677 0
    outer loop
      vertex 14.2264 1.57439 41
      vertex 14.4405 1.70557 39
      vertex 14.2264 1.57439 39
    endloop
  endfacet
  facet normal 0.522439 -0.852677 0
    outer loop
      vertex 12.5595 4.29443 39
      vertex 12.7736 4.42561 41
      vertex 12.5595 4.29443 41
    endloop
  endfacet
  facet normal 0.522439 -0.852677 0
    outer loop
      vertex 12.7736 4.42561 41
      vertex 12.5595 4.29443 39
      vertex 12.7736 4.42561 39
    endloop
  endfacet
  facet normal -0.85262 -0.522532 0
    outer loop
      vertex 14.9256 3.72638 39
      vertex 14.7944 3.94046 41
      vertex 14.7944 3.94046 39
    endloop
  endfacet
  facet normal -0.85262 -0.522532 0
    outer loop
      vertex 14.7944 3.94046 41
      vertex 14.9256 3.72638 39
      vertex 14.9256 3.72638 41
    endloop
  endfacet
  facet normal 0.760509 0.649327 0
    outer loop
      vertex 12.3686 1.86863 34
      vertex 12.2056 2.05954 28
      vertex 12.2056 2.05954 34
    endloop
  endfacet
  facet normal 0.760509 0.649327 0
    outer loop
      vertex 12.2056 2.05954 28
      vertex 12.3686 1.86863 34
      vertex 12.3686 1.86863 28
    endloop
  endfacet
  facet normal 0.760509 0.649327 0
    outer loop
      vertex 12.3686 1.86863 41
      vertex 12.2056 2.05954 39
      vertex 12.2056 2.05954 41
    endloop
  endfacet
  facet normal 0.760509 0.649327 0
    outer loop
      vertex 12.2056 2.05954 39
      vertex 12.3686 1.86863 41
      vertex 12.3686 1.86863 39
    endloop
  endfacet
  facet normal -0.923842 0.382775 0
    outer loop
      vertex 14.9256 2.27361 28
      vertex 15.0194 2.5 34
      vertex 15.0194 2.5 28
    endloop
  endfacet
  facet normal -0.923842 0.382775 0
    outer loop
      vertex 15.0194 2.5 34
      vertex 14.9256 2.27361 28
      vertex 14.9256 2.27361 34
    endloop
  endfacet
  facet normal -0.923853 0.382748 0
    outer loop
      vertex 14.9256 2.27361 39
      vertex 15.0217 2.50557 41
      vertex 15.0217 2.50557 39
    endloop
  endfacet
  facet normal -0.923853 0.382748 0
    outer loop
      vertex 15.0217 2.50557 41
      vertex 14.9256 2.27361 39
      vertex 14.9256 2.27361 41
    endloop
  endfacet
  facet normal 0.649485 0.760374 -0
    outer loop
      vertex 12.5595 1.70557 28
      vertex 12.3686 1.86863 34
      vertex 12.5595 1.70557 34
    endloop
  endfacet
  facet normal 0.649485 0.760374 0
    outer loop
      vertex 12.3686 1.86863 34
      vertex 12.5595 1.70557 28
      vertex 12.3686 1.86863 28
    endloop
  endfacet
  facet normal 0.649485 0.760374 -0
    outer loop
      vertex 12.5595 1.70557 39
      vertex 12.3686 1.86863 41
      vertex 12.5595 1.70557 41
    endloop
  endfacet
  facet normal 0.649485 0.760374 0
    outer loop
      vertex 12.3686 1.86863 41
      vertex 12.5595 1.70557 39
      vertex 12.3686 1.86863 39
    endloop
  endfacet
  facet normal -0.760509 0.649327 0
    outer loop
      vertex 14.6314 1.86863 28
      vertex 14.7944 2.05954 34
      vertex 14.7944 2.05954 28
    endloop
  endfacet
  facet normal -0.760509 0.649327 0
    outer loop
      vertex 14.7944 2.05954 34
      vertex 14.6314 1.86863 28
      vertex 14.6314 1.86863 34
    endloop
  endfacet
  facet normal -0.760509 0.649327 0
    outer loop
      vertex 14.6314 1.86863 39
      vertex 14.7944 2.05954 41
      vertex 14.7944 2.05954 39
    endloop
  endfacet
  facet normal -0.760509 0.649327 0
    outer loop
      vertex 14.7944 2.05954 41
      vertex 14.6314 1.86863 39
      vertex 14.6314 1.86863 41
    endloop
  endfacet
  facet normal -0.649485 0.760374 0
    outer loop
      vertex 14.6314 1.86863 28
      vertex 14.4405 1.70557 34
      vertex 14.6314 1.86863 34
    endloop
  endfacet
  facet normal -0.649485 0.760374 0
    outer loop
      vertex 14.4405 1.70557 34
      vertex 14.6314 1.86863 28
      vertex 14.4405 1.70557 28
    endloop
  endfacet
  facet normal -0.649485 0.760374 0
    outer loop
      vertex 14.6314 1.86863 39
      vertex 14.4405 1.70557 41
      vertex 14.6314 1.86863 41
    endloop
  endfacet
  facet normal -0.649485 0.760374 0
    outer loop
      vertex 14.4405 1.70557 41
      vertex 14.6314 1.86863 39
      vertex 14.4405 1.70557 39
    endloop
  endfacet
  facet normal 0.972382 -0.233397 0
    outer loop
      vertex 11.9197 3.25029 41
      vertex 11.9783 3.49443 39
      vertex 11.9783 3.49443 41
    endloop
  endfacet
  facet normal 0.972382 -0.233397 0
    outer loop
      vertex 11.9783 3.49443 39
      vertex 11.9197 3.25029 41
      vertex 11.9197 3.25029 39
    endloop
  endfacet
  facet normal 0.85262 -0.522532 0
    outer loop
      vertex 12.0744 3.72638 41
      vertex 12.2056 3.94046 39
      vertex 12.2056 3.94046 41
    endloop
  endfacet
  facet normal 0.85262 -0.522532 0
    outer loop
      vertex 12.2056 3.94046 39
      vertex 12.0744 3.72638 41
      vertex 12.0744 3.72638 39
    endloop
  endfacet
  facet normal -0.923847 -0.382762 0
    outer loop
      vertex 15.0217 3.49443 39
      vertex 14.9256 3.72638 41
      vertex 14.9256 3.72638 39
    endloop
  endfacet
  facet normal -0.923847 -0.382762 0
    outer loop
      vertex 14.9256 3.72638 41
      vertex 15.0217 3.49443 39
      vertex 15.0217 3.49443 41
    endloop
  endfacet
  facet normal 0.996917 -0.078466 0
    outer loop
      vertex 11.9 3 41
      vertex 11.9197 3.25029 39
      vertex 11.9197 3.25029 41
    endloop
  endfacet
  facet normal 0.996917 -0.078466 0
    outer loop
      vertex 11.9197 3.25029 39
      vertex 11.9 3 41
      vertex 11.9 3 39
    endloop
  endfacet
  facet normal -0.0784629 0.996917 0
    outer loop
      vertex 13.7503 1.4197 28
      vertex 13.5 1.4 34
      vertex 13.7503 1.4197 34
    endloop
  endfacet
  facet normal -0.0784629 0.996917 0
    outer loop
      vertex 13.5 1.4 34
      vertex 13.7503 1.4197 28
      vertex 13.5 1.4 28
    endloop
  endfacet
  facet normal -0.0784629 0.996917 0
    outer loop
      vertex 13.7503 1.4197 39
      vertex 13.5 1.4 41
      vertex 13.7503 1.4197 41
    endloop
  endfacet
  facet normal -0.0784629 0.996917 0
    outer loop
      vertex 13.5 1.4 41
      vertex 13.7503 1.4197 39
      vertex 13.5 1.4 39
    endloop
  endfacet
  facet normal -1 0 0
    outer loop
      vertex 16 0 34
      vertex 16 2.5 39
      vertex 16 2.5 34
    endloop
  endfacet
  facet normal -1 -0 0
    outer loop
      vertex 16 2.5 39
      vertex 16 0 34
      vertex 16 0 39
    endloop
  endfacet
  facet normal 0 0 1
    outer loop
      vertex 14.9256 2.27361 34
      vertex 16 2.5 34
      vertex 15.0194 2.5 34
    endloop
  endfacet
  facet normal 0 0 1
    outer loop
      vertex 14.7944 2.05954 34
      vertex 16 2.5 34
      vertex 14.9256 2.27361 34
    endloop
  endfacet
  facet normal 0 0 1
    outer loop
      vertex 16 2.5 34
      vertex 14.7944 2.05954 34
      vertex 16 0 34
    endloop
  endfacet
  facet normal -0 0 1
    outer loop
      vertex 14.6314 1.86863 34
      vertex 16 0 34
      vertex 14.7944 2.05954 34
    endloop
  endfacet
  facet normal -0 0 1
    outer loop
      vertex 14.4405 1.70557 34
      vertex 16 0 34
      vertex 14.6314 1.86863 34
    endloop
  endfacet
  facet normal -0 0 1
    outer loop
      vertex 14.2264 1.57439 34
      vertex 16 0 34
      vertex 14.4405 1.70557 34
    endloop
  endfacet
  facet normal -0 0 1
    outer loop
      vertex 13.9944 1.47831 34
      vertex 16 0 34
      vertex 14.2264 1.57439 34
    endloop
  endfacet
  facet normal -0 0 1
    outer loop
      vertex 13.7503 1.4197 34
      vertex 16 0 34
      vertex 13.9944 1.47831 34
    endloop
  endfacet
  facet normal -0 0 1
    outer loop
      vertex 13.5 1.4 34
      vertex 16 0 34
      vertex 13.7503 1.4197 34
    endloop
  endfacet
  facet normal 0 0 1
    outer loop
      vertex 11 0 34
      vertex 13.5 1.4 34
      vertex 13.2497 1.4197 34
    endloop
  endfacet
  facet normal 0 0 1
    outer loop
      vertex 11 0 34
      vertex 13.2497 1.4197 34
      vertex 13.0056 1.47831 34
    endloop
  endfacet
  facet normal 0 0 1
    outer loop
      vertex 11 0 34
      vertex 13.0056 1.47831 34
      vertex 12.7736 1.57439 34
    endloop
  endfacet
  facet normal -0 0 1
    outer loop
      vertex 11 2.5 34
      vertex 12.0744 2.27361 34
      vertex 11.9806 2.5 34
    endloop
  endfacet
  facet normal 0 0 1
    outer loop
      vertex 11 2.5 34
      vertex 12.2056 2.05954 34
      vertex 12.0744 2.27361 34
    endloop
  endfacet
  facet normal 0 0 1
    outer loop
      vertex 11 0 34
      vertex 12.2056 2.05954 34
      vertex 11 2.5 34
    endloop
  endfacet
  facet normal 0 0 1
    outer loop
      vertex 12.2056 2.05954 34
      vertex 11 0 34
      vertex 12.3686 1.86863 34
    endloop
  endfacet
  facet normal 0 0 1
    outer loop
      vertex 12.3686 1.86863 34
      vertex 11 0 34
      vertex 12.5595 1.70557 34
    endloop
  endfacet
  facet normal 0 0 1
    outer loop
      vertex 13.5 1.4 34
      vertex 11 0 34
      vertex 16 0 34
    endloop
  endfacet
  facet normal 0 0 1
    outer loop
      vertex 12.5595 1.70557 34
      vertex 11 0 34
      vertex 12.7736 1.57439 34
    endloop
  endfacet
  facet normal 1 -0 0
    outer loop
      vertex 11 0 39
      vertex 11 2.5 34
      vertex 11 2.5 39
    endloop
  endfacet
  facet normal 1 0 0
    outer loop
      vertex 11 2.5 34
      vertex 11 0 39
      vertex 11 0 34
    endloop
  endfacet
endsolid OpenSCAD_Model
